"GPUName","GPUPrice","GPUScore"
"GeForce RTX 4090",1799.99,38591
"GeForce RTX 4090 D",NA,37631
"GeForce RTX 4080",1174.8,34623
"RTX 5880 Ada Generation",NA,34568
"GeForce RTX 4080 SUPER",999.99,34210
"GeForce RTX 4070 Ti",739.99,31819
"GeForce RTX 4070 Ti SUPER",799,31654
"Radeon RX 7900 XTX",869.99,31030
"GeForce RTX 4070 SUPER",599.99,30199
"RTX 4500 Ada Generation",NA,29816
"GeForce RTX 3090 Ti",2199.99,29692
"Radeon PRO W7900",NA,29470
"Radeon RX 7900 XT",660.61,28834
"Radeon PRO W7800",NA,28601
"Radeon RX 6950 XT",999.99,28158
"RTX 5000 Ada Generation",NA,27999
"RTX 6000 Ada Generation",NA,27821
"GeForce RTX 4090 Laptop GPU",NA,27698
"GeForce RTX 3080 Ti",1052.93,27124
"GeForce RTX 4070",529.99,26981
"Radeon RX 6900 XT",1509.67,26791
"GeForce RTX 3090",1783.35,26734
"GeForce RTX 3080 12GB",NA,26678
"Radeon RX 7900 GRE",539.99,26654
"GeForce RTX 3080",749,25229
"GeForce RTX 4080 Laptop GPU",NA,25134
"Radeon RX 6800 XT",882.96,25027
"RTX 4000 Ada Generation",NA,25014
"Radeon RX 7800 XT",479.99,24210
"RTX 5000 Ada Generation Laptop GPU",NA,23992
"GeForce RTX 3070 Ti",752.96,23583
"RTX 4000 Ada Generation Laptop GPU",NA,23015
"GeForce RTX 4060 Ti",379.99,22899
"RTX A5000",2229.99,22875
"GeForce RTX 4060 Ti 16GB",439.99,22864
"RTX A6000",4109.99,22634
"GeForce RTX 3070",489.99,22372
"Radeon RX 7900M",NA,22365
"Radeon RX 7700 XT",394.52,22343
"RTX A5500",2169.99,22282
"Radeon RX 6800",360.61,22216
"NVIDIA A10",NA,22064
"GRID RTX6000-6Q",NA,21986
"GeForce RTX 2080 Ti",1299.99,21744
"RTX A4500",1569.99,21700
"Radeon 610M Ryzen 9 7845HX",NA,21622
"RTX 4000 SFF Ada Generation",NA,20922
"Radeon RX 6750 XT",329.99,20793
"GeForce RTX 3060 Ti",549.99,20496
"TITAN RTX",2499,19945
"GeForce RTX 4060",292.99,19899
"Radeon RX 6700 XT",763.55,19871
"Quadro GV100",8999,19824
"Radeon PRO W6800",1849.99,19791
"TITAN V",1999.99,19742
"GeForce RTX 3080 Ti Laptop GPU",NA,19737
"L40-8Q",NA,19704
"GeForce RTX 2080 SUPER",684.86,19576
"GeForce RTX 4070 Laptop GPU",NA,19528
"RTX A4000",749.99,19436
"Radeon RX 6700",NA,19333
"Radeon RX 6750 GRE 12GB",NA,19296
"Quadro RTX 8000",4290,19278
"Radeon PRO W7700",NA,19227
"TITAN Xp COLLECTORS EDITION",NA,19105
"RTX 3500 Ada Generation Laptop GPU",NA,18906
"GeForce RTX 2080",800.61,18793
"NVIDIA A10G",NA,18773
"NVIDIA TITAN Xp",1645,18737
"Quadro RTX 6000",6300,18733
"Radeon RX 6750 GRE 10GB",NA,18613
"GeForce GTX 1080 Ti",483.82,18567
"GeForce RTX 2070 SUPER",539.99,18228
"GeForce RTX 3070 Ti Laptop GPU",NA,17977
"A40-48Q",NA,17864
"RTX 2000 Ada Generation",NA,17707
"GeForce RTX 4060 Laptop GPU",NA,17654
"Radeon Pro W5700X",NA,17590
"Radeon RX 6850M XT",NA,17473
"RTX A4500 Laptop GPU",NA,17451
"RTX A5500 Laptop GPU",NA,17353
"Radeon RX 6650 XT",209.99,17222
"Radeon RX 7600 XT",309.99,17210
"Radeon RX 6650M XT",NA,17070
"GeForce RTX 3060 12GB",249.99,16998
"TITAN V CEO Edition",NA,16987
"Radeon VII",1899.95,16659
"Radeon RX 5700 XT",449.97,16573
"Radeon RX 5700 XT 50th Anniversary",NA,16572
"GeForce RTX 2060 SUPER",409.99,16532
"Radeon RX 6600 XT",499,16509
"Radeon RX 7600",249.99,16494
"GeForce RTX 3080 Laptop GPU",NA,16446
"Quadro GP100",NA,16374
"RTX 3000 Ada Generation Laptop GPU",NA,16345
"Tesla V100-SXM2-16GB",NA,16235
"GeForce RTX 2070",389.46,16151
"RTX A5000 Laptop GPU",NA,16066
"Quadro RTX 5000",NA,15941
"Miracast display port driver V3",NA,15909
"GeForce RTX 2060 12GB",NA,15907
"Radeon Pro Vega II",NA,15596
"Radeon PRO W6600",NA,15596
"GeForce GTX 1080",442.79,15535
"GeForce RTX 3070 Laptop GPU",NA,15468
"Radeon RX 6800S",NA,15407
"GeForce RTX 3060 8GB",NA,15398
"Quadro RTX 4000",899,15365
"RTX A4000 Laptop GPU",NA,15354
"Quadro P6000",3250,15307
"RTX 2000 Ada Generation Laptop GPU",NA,15256
"Radeon RX 6600",199.99,15151
"GeForce RTX 2080 (Mobile)",NA,15107
"Radeon RX 7700S",NA,15107
"Radeon RX 6650M",NA,15074
"Radeon Pro W5700",649.99,15038
"Radeon RX 6700S",299.99,14950
"Quadro RTX 5000 (Mobile)",NA,14832
"GeForce GTX 1070 Ti",569.99,14695
"NVIDIA A40",NA,14664
"Radeon RX 7600S",NA,14561
"Radeon RX 5700",309.99,14451
"GeForce RTX 4050 Laptop GPU",NA,14442
"L40S",NA,14397
"RTX A3000 12GB Laptop GPU",NA,14349
"Radeon PRO W7500",NA,14312
"Radeon RX Vega 64",749.99,14305
"Radeon PRO W7600",NA,14226
"RTX 1000 Ada Generation Laptop GPU",NA,14184
"GeForce RTX 2060",385.19,14147
"Radeon Pro Vega II Duo",NA,14018
"RadeonT RX 6850M XT",NA,13847
"GeForce RTX 2080 Super with Max-Q Design",NA,13842
"GeForce GTX 980 Ti",644.61,13807
"Radeon RX 6600M",199.99,13768
"GeForce RTX 2070 Super with Max-Q Design",NA,13735
"RTX A2000",434.33,13728
"Radeon Pro Vega 64X",NA,13708
"RTX A2000 12GB",NA,13704
"Radeon RX 6600S",NA,13678
"NVIDIA TITAN X",608.1,13659
"Radeon RX 5600 XT",545,13633
"Radeon RX 6700M",269.99,13564
"Radeon Pro WX 8200",1599.39,13526
"GeForce GTX 1070",529.99,13499
"Quadro RTX 5000 with Max-Q Design",NA,13490
"GeForce RTX 3060 Laptop GPU",309.99,13356
"Radeon RX 6800M",NA,13263
"Radeon RX Vega 56",752.99,13229
"Radeon Vega Frontier Edition",1679.99,13225
"Radeon RX 7600M XT",NA,13118
"Radeon PRO W6600X",NA,13113
"GeForce RTX 2080 with Max-Q Design",2099.99,13087
"Intel Arc A770",299.99,12981
"GeForce GTX TITAN X",1096.99,12940
"Radeon Pro Vega 64",NA,12920
"GeForce GTX 1660 Ti",289.99,12916
"Radeon Pro VII",NA,12838
"GeForce RTX 3050 8GB",206.99,12812
"GeForce GTX 1660 SUPER",227.99,12752
"Tesla T10",NA,12650
"Radeon Pro 5700 XT",NA,12613
"Quadro P5000",1868.99,12551
"Quadro P5200 with Max-Q Design",NA,12530
"RTX A3000 Laptop GPU",NA,12492
"Radeon Pro WX 9100",NA,12470
"Quadro RTX 4000 with Max-Q Design",NA,12365
"GeForce RTX 2070 (Mobile)",NA,12354
"Radeon Pro Vega 56",NA,12353
"Tesla V100-PCIE-16GB",NA,12328
"Quadro RTX 4000 (Mobile)",NA,12327
"Radeon RX 6850M",NA,12274
"Radeon Pro V520 MxGPU",NA,12257
"Quadro P5200",NA,12238
"Tesla P40",NA,12190
"Radeon RX 5600 OEM",NA,12137
"GeForce RTX 3050 OEM",217.82,11970
"Intel Arc A750",199.99,11945
"Quadro M6000 24GB",NA,11882
"Radeon Pro 5700",NA,11844
"Quadro M6000",4827.53,11749
"GeForce GTX 1660",261.38,11678
"GeForce RTX 2070 with Max-Q Design",NA,11668
"Intel Arc A580",179.99,11648
"Quadro P4000",556.19,11624
"Intel Arc A770M",NA,11558
"GeForce GTX 1080 with Max-Q Design",NA,11520
"L4",NA,11518
"Radeon RX 5600",NA,11489
"Quadro P4200 with Max-Q Design",NA,11446
"RTX A1000 Embedded GPU",NA,11368
"GeForce RTX 2060 (Mobile)",NA,11354
"RTX 500 Ada Generation Laptop GPU",NA,11302
"Radeon Pro Vega 48",NA,11299
"RTX A1000",NA,11242
"Quadro RTX 3000",NA,11127
"GeForce GTX 980",247.35,11101
"GRID P40-12Q",NA,11028
"Radeon Pro SSG",2410.15,10971
"RTX A2000 8GB Laptop GPU",NA,10940
"RTX A4500 Embedded GPU",NA,10916
"Tesla T4",4420.46,10744
"GeForce RTX 3050 6GB",164.99,10651
"Intel Arc A730M",NA,10487
"GeForce GTX 1070 (Mobile)",NA,10465
"Tesla M40",600,10465
"Quadro P4200",NA,10439
"Tesla M40 24GB",NA,10417
"SuperDisplay Virtual Adapter",NA,10390
"GeForce RTX 3050 6GB Laptop GPU",NA,10337
"GeForce GTX 1660 Ti (Mobile)",NA,10192
"GeForce GTX 1650 SUPER",222.06,10161
"GeForce RTX 3050 Ti Laptop GPU",NA,10141
"RTX A1000 6GB Laptop GPU",NA,10124
"GeForce GTX 1060",339.99,10073
"RTX A2000 Laptop GPU",NA,9934
"GeForce GTX 1070 with Max-Q Design",NA,9932
"GRID P40-2B",NA,9842
"GeForce GTX 1060 3GB",235.47,9763
"GeForce RTX 2060 with Max-Q Design",NA,9762
"Radeon R9 Fury + Fury X",449.99,9741
"GeForce GTX 970",237.99,9637
"Radeon RX 6550M",NA,9603
"Radeon R9 Fury",443.1,9593
"Radeon R9 Fury X",NA,9580
"Radeon RX 6500 XT",169,9567
"RTX A1000 Laptop GPU",NA,9533
"GeForce GTX 780 Ti",339.99,9526
"Radeon PRO W6600M",NA,9521
"GeForce RTX 3050 Laptop GPU",269.99,9461
"Ryzen 9 4900HSS with Radeon Graphics",NA,9460
"Quadro M5000",499,9417
"Radeon R9 390X",NA,9416
"Radeon RX 590",549.99,9389
"Quadro P3200 with Max-Q Design",NA,9368
"Quadro P2200",459.8,9324
"Intel Arc Pro A60",NA,9300
"Radeon Pro 5600M",NA,9232
"Radeon RX 5500 XT",181.29,9137
"Radeon Pro W5500",409.99,9118
"GRID P40-2B4",NA,9110
"GeForce GTX 1060 5GB",487.99,9094
"Quadro P4000 with Max-Q Design",NA,9082
"GeForce GTX TITAN Black",1335.93,8971
"GeForce GTX TITAN Z",1515,8941
"Radeon R9 390",NA,8909
"Tesla P4",NA,8880
"Radeon RX 580",179.99,8855
"Radeon RX 5600M",NA,8795
"Radeon RX 5500",NA,8792
"Quadro P3200",389.3,8775
"GRID P40-24Q",NA,8719
"Radeon RX 480",339.99,8623
"Radeon R9 290X",NA,8622
"Radeon R9 295X2",499.1,8617
"GeForce GTX 1660 Ti with Max-Q Design",NA,8606
"Radeon RX590 GME",NA,8570
"GRID RTX6000-1B",NA,8473
"Radeon R9 290X / 390X",319.99,8389
"Radeon Pro 5500 XT",NA,8375
"Ryzen 5 4600HS with Radeon Graphics",NA,8370
"Radeon R9 290",NA,8297
"Tesla V100-PCIE-32GB",NA,8259
"Quadro RTX 3000 with Max-Q Design",NA,8255
"GeForce GTX Titan",745,8189
"Radeon Pro Duo",3970.36,8164
"GeForce GTX 1060 (Mobile)",NA,8160
"Radeon R9 290 / 390",380,8150
"CMP 30HX",NA,8135
"EIZO Quadro MED-XN72",NA,8100
"Radeon PRO W6400",NA,8081
"Quadro K6000",210.66,8067
"Radeon 890M",NA,8016
"GeForce GTX 780",279.99,8005
"Ryzen 9 6900HS",NA,8005
"Radeon RX 470/570",388.99,8001
"Quadro M5500",NA,7915
"GeForce GTX 1060 with Max-Q Design",NA,7915
"Radeon RX 780",NA,7897
"GeForce GTX 1650",141,7872
"Radeon Pro WX 7100",1047.99,7869
"T1200 Laptop GPU",NA,7803
"Radeon RX 580X",NA,7798
"Radeon RX 6500M",NA,7785
"Radeon Pro 580",NA,7753
"Radeon RX 6500",NA,7723
"Radeon RX 580 2048SP",NA,7698
"GeForce RTX 2050",NA,7648
"T1000",303.99,7642
"Radeon 880M",NA,7624
"Radeon RX 6400",159,7580
"FirePro W9100",1729.99,7580
"Radeon RX 5300",NA,7579
"T1000 8GB",NA,7569
"Tesla M60",787.9,7551
"GeForce GTX 1650 Ti",NA,7540
"Radeon Pro 580X",NA,7540
"GRID P40-8Q",NA,7432
"Ryzen 9 4900HS with Radeon Graphics",NA,7418
"GeForce GTX 980M",289.99,7355
"Radeon Pro W5500X",NA,7350
"FirePro W8100",704,7332
"Tesla P100-PCIE-16GB",5699,7225
"Radeon Ryzen 9 6900HS",NA,7183
"Quadro T2000",528.35,7175
"Radeon Pro 5300",NA,7143
"RadeonT 780M",NA,7102
"T600 Laptop GPU",NA,7080
"Radeon 780M",NA,7052
"A10-8Q",NA,7041
"Quadro M5000M",546.92,7019
"Ryzen 7 4800HS with Radeon Graphics",NA,6999
"AMD Ryzen Z1 Extreme",NA,6988
"GeForce GTX 1650 (Mobile)",NA,6968
"Quadro P2000",439.6,6927
"Quadro T2000 with Max-Q Design",NA,6925
"GRID P4-4Q",NA,6843
"CMP 40HX",NA,6778
"Radeon Pro 5500M",NA,6771
"RTX A500 Laptop GPU",NA,6768
"GeForce RTX 3050 4GB Laptop GPU",NA,6757
"GRID P4-8Q",NA,6733
"Quadro T1000 with Max-Q Design",NA,6719
"Radeon Pro WX 7130",NA,6715
"GeForce GTX 970XM FORCE",NA,6706
"Radeon R9 285",NA,6680
"Ryzen 7 6800HS with Radeon Graphics",NA,6677
"Quadro M4000",362,6672
"Radeon RX Vega M GH",NA,6584
"Intel Arc A530M",NA,6565
"Quadro P3000",NA,6520
"T600",239.99,6463
"Quadro T1000",369.99,6457
"P106-100",NA,6408
"GeForce GTX 1650 Ti with Max-Q Design",NA,6404
"Radeon Pro 570",NA,6336
"GeForce GTX 1050 Ti",437.53,6314
"Radeon 660M Ryzen 5 6600H",NA,6285
"Tesla M6",199,6284
"Intel Arc A380",119.99,6219
"Radeon R9 380X",349.99,6187
"Radeon Ryzen 7 6800HS",NA,6180
"Radeon R9 280X",NA,6175
"GeForce GTX 1650 with Max-Q Design",NA,6169
"Radeon 680M Ryzen 7 7735HS",NA,6166
"FirePro W9000",845,6138
"Radeon R9 380",89.99,6134
"Quadro M4000M",254.91,6110
"Ryzen 9 6900HS with Radeon Graphics",NA,6097
"Quadro K5200",415,6091
"GeForce GTX 960",172,6079
"GeForce RTX 3050 A Laptop GPU",NA,6038
"Radeon Ryzen 9 6900HS Creator Edition",NA,6012
"GeForce MX570 A",NA,5993
"Radeon Ryzen 9 PRO 6950H",NA,5963
"Radeon Pro 5300M",NA,5961
"GRID P100-16Q",NA,5944
"GeForce GTX 770",249,5920
"GeForce GTX 1050 Ti (Mobile)",NA,5918
"Intel Arc Pro A30M",NA,5862
"Tesla K80",593.95,5852
"RadeonT 760M",NA,5846
"Ryzen 9 PRO 6950H with Radeon Graphics",NA,5828
"Radeon 760M",NA,5818
"Matrox LUMA A380P",NA,5805
"Radeon Ryzen 7 7736U",NA,5791
"Ryzen 9 PRO 6950H",NA,5758
"GeForce MX570",NA,5728
"GeForce GTX 970M",209.99,5724
"Radeon PRO Ryzen 7 PRO 6850U",NA,5714
"Radeon Ryzen 7 PRO 6850H",NA,5708
"Radeon TM",NA,5691
"GRID T4-8Q",NA,5680
"RadeonT 680M Ryzen 7 7735HS",NA,5650
"Quadro M3000M",159.95,5599
"Ryzen 7 PRO 6850U",NA,5580
"Ryzen 9 5900HS with Radeon Graphics",NA,5570
"Radeon HD 7990",399.99,5565
"GeForce GTX 680",399,5565
"Radeon RX 5500M",NA,5563
"Radeon Pro WX 5100",359.99,5560
"Radeon PRO W6300",NA,5559
"Radeon R9 280",NA,5557
"Radeon R9 285 / 380",485,5549
"GRID M60-8A",NA,5523
"GeForce GTX 690",280.99,5513
"Intel Arc A310",99.99,5496
"Radeon Ryzen 7 6800HS Creator Edition",NA,5460
"Intel Arc Pro",NA,5456
"Radeon Ryzen 7 6800H",NA,5442
"GeForce GTX 760 Ti OEM",NA,5427
"Radeon RX 6300",NA,5418
"Ryzen 7 6800HS Creator Edition",NA,5382
"Radeon Eng Sample: 100-000000534-40_Y",NA,5380
"GRID P40-4Q",NA,5364
"Ryzen 9 6900HX with Radeon Graphics",NA,5353
"GeForce GTX 1050 Ti with Max-Q Design",NA,5351
"GeForce GTX 950",141.99,5335
"Radeon Ryzen 7 7735HS",NA,5333
"GeForce GTX 670",193.98,5330
"Radeon Pro Vega 20",NA,5299
"Quadro P2000 with Max-Q Design",NA,5285
"FirePro W7100",389.3,5264
"Radeon HD 7970 / R9 280X",246.99,5247
"Ryzen 7 6800H",NA,5247
"GeForce GTX 760 Ti",297.5,5240
"Ryzen 7 6800HS",NA,5237
"A16",NA,5235
"Intel Arc",NA,5232
"Radeon Eng Sample: 100-000000550-40_Y",NA,5223
"Ryzen 7 7735U with Radeon Graphics",NA,5215
"Radeon HD 8990",NA,5214
"GRID M60-2Q",NA,5203
"Radeon R9 M395X",NA,5194
"Radeon Ryzen 7 7735U",NA,5193
"Radeon Ryzen 7 7735H",NA,5190
"GRID RTX8000P-4Q",NA,5174
"Q12U-1",NA,5164
"Radeon R9 M295X",1449,5150
"Radeon Ryzen 7 PRO 6850U",NA,5140
"Ryzen 7 7735HS with Radeon Graphics",NA,5127
"Ryzen 7 PRO 6850U with Radeon Graphics",NA,5115
"Intel Arc A370M",NA,5115
"GeForce GTX 1050 3GB",NA,5105
"Intel Arc 140V GPU",NA,5095
"Ryzen 7 PRO 6860Z",NA,5076
"FirePro S9000",NA,5059
"GRID T4-16Q",NA,5054
"EIZO Quadro MED-XN51LP",NA,5048
"Radeon Ryzen 7 PRO 6850HS",NA,5043
"GeForce GTX 1050",239,5036
"Radeon Eng Sample: 100-000000545-40_Y",NA,5026
"Parsec Virtual Display Adapter",NA,5022
"Ryzen 7 6800U",NA,5006
"GeForce GTX 1630",189.99,4982
"Radeon Instinct MI25 MxGPU",NA,4978
"Barco MXRT 7600",602.59,4943
"Radeon R9 M395",NA,4911
"GRID P40-1A",NA,4909
"FirePro S9050",NA,4901
"Radeon R9 270X",326.5,4871
"Ryzen 7 PRO 6860Z with Radeon Graphics",NA,4869
"GRID P40-2Q",NA,4843
"T550 Laptop GPU",NA,4834
"Ryzen 7 6800U with Radeon Graphics",NA,4829
"Radeon Eng Sample: 100-000000560-40_Y",NA,4816
"Radeon Pro Vega 16",NA,4809
"Ryzen 7 6800H with Radeon Graphics",NA,4801
"GeForce GTX 760",149,4793
"GRID RTX6000P-6Q",NA,4777
"FirePro S10000",NA,4768
"Radeon HD 7950 / R9 280",240.83,4764
"Radeon R9 370",159.99,4722
"Radeon Sky 500",NA,4709
"Ryzen 9 PRO 6950HS with Radeon Graphics",NA,4704
"GRID V100D-2Q",NA,4667
"Radeon Pro WX Vega M GL",NA,4643
"Radeon HD 7870",176,4635
"GeForce GTX 580",461.96,4602
"Radeon Ryzen 7 PRO 6860Z",NA,4594
"A16-2Q",NA,4582
"Radeon Ryzen 7 6800U",NA,4582
"B8DKMDAP",NA,4557
"GeForce MX550",NA,4541
"Radeon Pro 465",NA,4537
"FirePro S7000",246.54,4523
"Intel Arc 130V GPU",NA,4515
"Radeon R7 370",NA,4509
"Tesla K40c",NA,4494
"Intel Arc A310 LP",NA,4486
"Radeon HD 7870 XT",NA,4469
"GeForce GTX 1050 (Mobile)",NA,4461
"Quadro P1000",289.99,4459
"GRID M60-1B",NA,4456
"Tesla K20m",NA,4432
"GRID P6-4Q",NA,4429
"GeForce GTX 660 Ti",144,4428
"FirePro W7000 Adapter",NA,4359
"GRID GTX P40-6",NA,4340
"Quadro K4200",249,4324
"Radeon RX 5300M",NA,4307
"Radeon R9 270",NA,4306
"Radeon Ryzen 7 Pro 7735U",NA,4296
"FirePro W7000",278.05,4288
"GRID RTX6000P-4Q",NA,4283
"Quadro M2200",249.99,4261
"Radeon R9 270 / R7 370",213.16,4259
"Radeon Ryzen 9 PRO 6950HS",NA,4250
"RTXA6000-8Q",NA,4236
"NVIDIA A40-4Q",NA,4229
"NVIDIA A40-8Q",NA,4220
"A16-4Q",NA,4165
"GRID RTX8000P-12A",NA,4165
"GRID V100D-8Q",NA,4155
"FirePro W8000",573,4148
"GeForce GTX 680MX",NA,4138
"Winsta0\\Default",NA,4124
"GeForce GTX 480",169.99,4106
"Radeon RX 460",166.81,4101
"GeForce GTX 1050 with Max-Q Design",NA,4073
"Radeon PRO Ryzen 5 PRO 6650U",NA,4066
"RadeonT 660M Ryzen 5 7535HS",NA,4051
"Radeon Eng Sample: 100-000000561-40_Y",NA,4041
"Radeon HD 7800-serie",NA,4029
"Radeon Ryzen 9 7950X 16-Core",NA,4017
"GeForce GTX 660",167.95,4001
"Quadro K5000",249,3992
"Quadro M2000",264.24,3992
"GRID RTX8000-4Q",NA,3960
"Radeon RX 7600M",NA,3940
"GRID P6-2Q",NA,3925
"GeForce GTX 570",149.99,3924
"GeForce GTX 750 Ti",88.11,3900
"GRID M60-8Q",NA,3883
"Radeon HD 8970M",139.99,3876
"Matrox LUMA A310F",NA,3873
"Radeon HD 7850",174.99,3864
"GeForce GTX 780M",499,3854
"GRID RTX8000P-2Q",NA,3843
"EIZO MED-XN43",NA,3842
"Radeon Eng Sample: 100-000000562-40_Y",NA,3841
"GRID M60-4Q",NA,3831
"GeForce GTX 880M",NA,3817
"GRID V100-2Q",NA,3810
"GeForce GTX 965M",NA,3793
"Radeon RX Vega M GL",NA,3764
"T400 4GB",NA,3760
"Radeon Ryzen 5 6600HS Creator Edition",NA,3754
"Barco MXRT 7500",299,3753
"Ryzen 7 PRO 6850HS with Radeon Graphics",NA,3736
"GeForce MX450",NA,3735
"Ryzen 5 PRO 6650H with Radeon Graphics",NA,3726
"Radeon Ryzen 5 PRO 6650H",NA,3724
"Radeon 660M Ryzen 5 7535HS",NA,3705
"Radeon Ryzen 5 6600H",NA,3695
"GRID M60-1Q",NA,3694
"P104-100",299.99,3694
"Eng Sample: 100-000000545-40_Y",NA,3692
"Matrox LUMA A310",NA,3690
"Ryzen 5 7535HS with Radeon Graphics",NA,3680
"Radeon Pro 560X",NA,3677
"Radeon Ryzen 5 PRO 6650U",NA,3676
"Ryzen 5 6600HS Creator Edition",NA,3671
"T500",NA,3670
"Radeon R9 M485X",NA,3660
"Radeon RX 560",179.9,3645
"Radeon Pro WX 4100",499.99,3641
"Quadro P620",574.55,3636
"GeForce GTX 775M",NA,3634
"T400",131.74,3624
"Radeon Ryzen 7 4800HS",NA,3597
"Radeon R9 M390X",NA,3597
"GRID RTX8000-2Q",NA,3574
"GeForce GTX 680M KY_Bullet Edition",NA,3568
"GRID M6-8Q",NA,3568
"RTX A400",NA,3564
"Radeon HD 7970M",NA,3559
"Quadro K2200",268.3,3553
"Microsoft Basic Display Adapter Ryzen 5 3550H",NA,3536
"Radeon Ryzen 5 7535HS",NA,3531
"Ryzen 5 7535U with Radeon Graphics",NA,3529
"Ryzen 5 6600H with Radeon Graphics",NA,3525
"Ryzen 5 PRO 6650U",NA,3519
"GRID K520",149.99,3516
"Ryzen 5 PRO 6650U with Radeon Graphics",NA,3515
"Quadro 7000",NA,3505
"Radeon Ryzen 7 4800H",NA,3490
"Radeon Eng Sample: 100-000000261-50_Y",NA,3490
"Radeon Pro 560",NA,3475
"Quadro K2200M",124.95,3468
"Quadro M2000M",213.16,3459
"Radeon Pro 460",NA,3452
"GRID T4-2Q",NA,3450
"GeForce GTX 870M",NA,3449
"Tesla C2050 / C2070",NA,3428
"NVIDIA A10-4Q",NA,3424
"Custom GPU 0932",NA,3395
"Radeon Ryzen 5 6600U",NA,3381
"GeForce GTX 960M",1169,3377
"NVIDIA A40-12Q",NA,3370
"Radeon HD8970M",NA,3368
"Radeon E8870PCIe",NA,3368
"GeForce GTX 960A",NA,3355
"GRID M10-1Q",NA,3351
"GeForce GTX 750",138.8,3348
"GeForce GTX 650 Ti BOOST",NA,3343
"GeForce GTX 590",435,3341
"Radeon Ryzen 5 7535U",NA,3314
"Quadro P600",210.58,3307
"GRID T4-1Q",NA,3302
"Radeon Ryzen 5 Pro 7535U",NA,3284
"Tesla K40m",NA,3281
"Snapdragon X Elite - X1E001DE - Qualcomm Adreno GP",NA,3276
"GRID P100-8Q",NA,3267
"GRID T4-4Q",NA,3260
"Radeon R9 M290X",NA,3256
"GeForce 770M",176.99,3245
"Radeon R9 M470X",NA,3244
"Quadro M1200",NA,3237
"Eng Sample: 100-000000534-40_Y",NA,3237
"Ryzen 5 6600U with Radeon Graphics",NA,3233
"GeForce GTX 680M",135.99,3228
"FirePro S7150",1697.99,3207
"GRID P4-8A",NA,3206
"Radeon RX 560X",NA,3196
"Radeon R7 260X",139.99,3188
"Radeon 740M",NA,3186
"Radeon R9 260",NA,3181
"Tesla C2050",269.99,3175
"Tesla M10",2695,3171
"Quadro K5100M",1108.84,3162
"FirePro V7000",NA,3161
"FirePro W7170M",NA,3161
"Intel Graphics",NA,3143
"A16-2B",NA,3140
"Radeon Pro 555",1049,3140
"Tesla C2070",604,3120
"Radeon Pro 455",449,3112
"GeForce GTX 470",59.99,3106
"Radeon R7 360",145.99,3105
"Matrox LUMA A310FP",NA,3092
"Radeon HD 7790",139.99,3090
"GeForce GTX 560 Ti",129.99,3050
"GeForce GTX 860M",114,3046
"EIZO MED-X5000",NA,3038
"Radeon R9 360",133.89,3031
"Tesla C2075",646,3016
"Radeon HD 6990",498.49,3013
"FirePro W5100",125.99,2988
"Snapdragon X Elite - X1E84100 - Qualcomm Adreno GP",NA,2981
"GRID M10-4Q",NA,2976
"FirePro W5000",184,2975
"Radeon Ryzen 9 5900H",NA,2960
"GRID K260Q",NA,2949
"Quadro K1200",285.29,2939
"Tesla K20Xm",7699,2917
"Ryzen 7 5800HS with Radeon Graphics",NA,2917
"Radeon R7 260",89.99,2891
"Ryzen 9 5900HX with Radeon Graphics",NA,2887
"Ryzen 7 PRO 4700G with Radeon Graphics",NA,2879
"FirePro M6100 FireGL V",NA,2875
"Quadro M1000M",85.99,2860
"Eng Sample: 100-000000261-50_Y",NA,2859
"Radeon Pro V340 MxGPU",NA,2853
"Custom GPU 0405",NA,2852
"GRID K280Q",NA,2839
"Radeon HD 6970",149.99,2831
"Radeon Ryzen 7 5800H",NA,2825
"FirePro W4300",239.99,2820
"FirePro 3D V9800",2499,2811
"GeForce MX350",NA,2805
"Ryzen 7 5700G with Radeon Graphics",NA,2794
"Quadro M620",NA,2794
"GeForce GTX 770M",138,2789
"Radeon HD 8950",NA,2784
"Quadro K5000M",508.91,2778
"Radeon R9 M380",NA,2773
"Ryzen 7 5700GE with Radeon Graphics",NA,2771
"Quadro K4100M",261.29,2753
"GeForce GTX 560",205,2753
"Radeon Ryzen 9 5980HS",NA,2749
"Ryzen 7 5800H with Radeon Graphics",NA,2740
"GRID K2",1331.97,2736
"Radeon RX 550",182.49,2735
"FirePro V9800",474,2726
"Radeon Pro 450",NA,2722
"Quadro K4000",270,2717
"GeForce GTX 675MX",NA,2716
"Radeon Eng Sample: 100-000000300-30_Y",NA,2716
"Ryzen 9 4900H with Radeon Graphics",NA,2713
"Barco MXRT 5500",299,2701
"GRID M10-2Q",NA,2691
"Quadro 6000",4092.38,2685
"Intel Iris Xe",NA,2682
"Qualcomm Adreno X1-85 GPU",NA,2681
"Ryzen 7 Pro 4750G with Radeon Graphics",NA,2681
"Radeon Eng Sample: 100-000000300-40_Y",NA,2670
"Radeon Ryzen 9 4900H",NA,2668
"GeForce GTX 465",195,2650
"Radeon Ryzen 5 5500GT",NA,2649
"FirePro R5000",109.99,2646
"GRID P6-4A",NA,2639
"Radeon Ryzen 5 5600GT",NA,2638
"MONSTER GeForce GTX 675M",NA,2637
"A40-24Q",NA,2616
"Radeon HD 6950",139.99,2615
"Radeon Pro WX 4150",610.04,2615
"Radeon Ryzen 7 4700G",NA,2613
"Radeon Ryzen 7 4700GE",NA,2610
"Snapdragon X Elite - X1E80100 - Qualcomm Adreno GP",NA,2607
"Radeon RX Vega 11 Ryzen 7 3700U",NA,2602
"Ryzen 5 5600GE with Radeon Graphics",NA,2601
"GRID T4-2B",NA,2601
"Radeon Eng Sample: 100-000000371-40_42/18_Y",NA,2590
"GeForce GTX 950M",567,2586
"Radeon Ryzen 7 PRO 4750G",NA,2584
"Ryzen 5 5600G with Radeon Graphics",NA,2582
"Radeon Ryzen 5 5600GE",NA,2572
"Snapdragon X Elite - X1E78100 - Qualcomm Adreno GP",NA,2571
"Snapdragon X Plus - X1P64100 - Qualcomm Adreno GPU",NA,2569
"GeForce GTX 950A",NA,2554
"Ryzen 7 PRO 4750GE with Radeon Graphics",NA,2549
"Ryzen 7 PRO 7730U with Radeon Graphics",NA,2549
"GRID K240Q",NA,2541
"Radeon Pro WX 3100",NA,2540
"Radeon HD 6850 X2",NA,2534
"Ryzen 9 5980HS with Radeon Graphics",NA,2533
"Radeon Ryzen 9 7900X 12-Core",NA,2532
"FireStream 9370",NA,2528
"Ryzen 7 PRO 5750GE with Radeon Graphics",NA,2528
"N18E-Q1",NA,2525
"GeForce GTX 650 Ti",93.05,2524
"Ryzen 5 5500GT with Radeon Graphics",NA,2517
"GeForce GTX 850M",NA,2516
"Radeon Ryzen 7 5800HS",NA,2507
"Ryzen 5 PRO 5650G with Radeon Graphics",NA,2500
"Ryzen 7 4700GE with Radeon Graphics",NA,2496
"Radeon Pro",3599,2475
"Ryzen 7 7730U with Radeon Graphics",NA,2470
"Barco MXRT 5600",704,2465
"Radeon Eng Sample: 100-000000146-40_42/35_Y",NA,2464
"Radeon Ryzen 7 7730U",NA,2461
"GeForce GT 1030",105.09,2458
"Ryzen 7 PRO 5750G with Radeon Graphics",NA,2440
"FirePro 3D V8800",424.99,2437
"Radeon Pro WX 3200",158.35,2437
"Ryzen 5 PRO 5650GE with Radeon Graphics",NA,2435
"GeForce MX330",NA,2434
"Radeon Ryzen 5 PRO 5655GE",NA,2428
"Radeon Eng Sample: 100-000000262-30_Y",NA,2415
"GeForce MX250",NA,2411
"Radeon Ryzen 7 5800U",NA,2410
"Radeon RX Vega 11 PRD",NA,2401
"Ryzen 5 Pro 4650G with Radeon Graphics",NA,2398
"Radeon Ryzen 5 5600H",NA,2394
"Radeon Ryzen 7 5825U",NA,2382
"Radeon Ryzen 5 PRO 5650GE",NA,2376
"Radeon Ryzen 5 PRO 4655G",NA,2375
"Ryzen 5 4600G with Radeon Graphics",NA,2371
"Radeon Ryzen 7 PRO 4750GE",NA,2367
"Citrix Indirect Display Adapter",NA,2365
"GRID M10-2B",NA,2363
"Ryzen 7 5800U with Radeon Graphics",NA,2361
"Radeon Ryzen 5 PRO 4655GE",NA,2361
"GeForce GTX 485M",NA,2359
"FirePro W6150M",NA,2358
"Radeon Vega 11 Ryzen 5 PRO 3350G",NA,2349
"Ryzen 7 4800U with Radeon Graphics",NA,2343
"P106-090",NA,2342
"Ryzen 7 5825U with Radeon Graphics",NA,2342
"Ryzen 5 5600H with Radeon Graphics",NA,2336
"Radeon RX Vega Ryzen 3 5300U",NA,2334
"Radeon R9 M470",NA,2330
"Ryzen 3 PRO 5350G with Radeon Graphics",NA,2323
"Radeon Ryzen 7 4800U",NA,2316
"Radeon Ryzen 7 PRO 7730U",NA,2313
"Radeon RX Vega - Renoir Ryzen 3 5300U",NA,2312
"GRID M10-1B",NA,2309
"Radeon Ryzen 7 5700U",NA,2307
"Ryzen 5 PRO 4400G with Radeon Graphics",NA,2305
"FirePro V7900",190,2304
"Radeon Ryzen 5 PRO 5650G",NA,2298
"Radeon Ryzen 5 4400G",NA,2296
"Radeon RX 550X",NA,2287
"Radeon Ryzen 7 Microsoft Surface Edition",NA,2285
"Radeon HD 5970",721.2,2282
"FirePro V8800",198,2280
"Radeon RX Vega Ryzen 5 5500U",NA,2279
"GeForce MX150",59.29,2272
"Ryzen 3 4300GE with Radeon Graphics",NA,2271
"Ryzen 7 PRO 5850U with Radeon Graphics",NA,2270
"Radeon Ryzen 7 5800HS Creator Edition",NA,2270
"Radeon HD 6970M",215.99,2270
"Ryzen 5 7530U with Radeon Graphics",NA,2269
"Radeon R7 250X",194,2268
"Radeon Eng Sample: 100-000000285-40_Y",NA,2267
"Quadro K3100M",399.95,2264
"GeForce GTX 460",89.99,2264
"Intel HD 5600",NA,2263
"Ryzen 7 5700U with Radeon Graphics",NA,2246
"Radeon Ryzen Embedded V2546",NA,2236
"Quadro K620",2029.99,2231
"Intel Iris Pro P580",NA,2231
"Radeon Ryzen 9 7900 12-Core",NA,2228
"Ryzen 7 Extreme Edition",NA,2226
"GRID P100-1B",NA,2223
"Radeon Ryzen 5 7530U",NA,2222
"Radeon HD 5870",416.89,2220
"Radeon HD 6870",239.99,2216
"Ryzen 5 4600H with Radeon Graphics",NA,2191
"Ryzen 7 4700G with Radeon Graphics",NA,2186
"Radeon Ryzen 5 7430U",NA,2181
"Radeon RX Vega 11 Ryzen 5 3400G",NA,2180
"Ryzen 5 5600U with Radeon Graphics",NA,2178
"Radeon HD 7770",300,2172
"Radeon Pro WX 4130",NA,2168
"FirePro M6100",NA,2152
"GRID P4-1B",NA,2151
"Quadro M600M",251.99,2150
"Radeon Ryzen 5 5625U",NA,2142
"GeForce GTX 745",284.95,2138
"Radeon Ryzen 7 4850U Mobile",NA,2137
"Radeon Ryzen 7 7700X 8-Core",NA,2137
"Radeon Ryzen 3 7335U",NA,2125
"Ryzen 3 Pro 4350G with Radeon Graphics",NA,2124
"Intel UHD Graphics P630",NA,2119
"Radeon RX Vega 11",1002,2115
"Ryzen 5 PRO 4650GE with Radeon Graphics",NA,2113
"Ryzen 7 4800H with Radeon Graphics",NA,2113
"Radeon Ryzen 5 5600U",NA,2110
"GeForce 945M",NA,2108
"FirePro M5100",NA,2102
"Quadro P520",1499,2097
"Intel G35 Express",NA,2097
"Radeon Ryzen 5 5500U",NA,2085
"Radeon Ryzen 5 Microsoft Surface Edition",NA,2080
"Radeon Ryzen 5 PRO 4500U",NA,2078
"GeForce GTX 580M",248.68,2074
"Ryzen 5 5560U with Radeon Graphics",NA,2073
"GRID M6-1Q",NA,2069
"Radeon RX Vega 11 Ryzen 5 3400GE",NA,2068
"Ryzen 7 PRO 5875U with Radeon Graphics",NA,2067
"Radeon R9 M385",NA,2060
"Radeon TM R9 A360",NA,2060
"Quadro 5000M",NA,2059
"Ryzen 3 4300G with Radeon Graphics",NA,2059
"Radeon Ryzen 7 PRO 4750U",NA,2052
"Ryzen 5 PRO 5650U with Radeon Graphics",NA,2046
"Radeon Ryzen 7 4700U",NA,2043
"Radeon Ryzen 5 5560U",NA,2043
"Radeon Ryzen 3 PRO 7335U",NA,2034
"Ryzen 7 4700U with Radeon Graphics",NA,2034
"Ryzen 7 PRO 4750U with Radeon Graphics",NA,2029
"FirePro V7800",190,2028
"Radeon 550",89.99,2027
"Radeon Pro W5500M",NA,2010
"Ryzen 5 PRO 4500U with Radeon Graphics",NA,2007
"Ryzen 5 5600GT with Radeon Graphics",NA,2006
"GeForce GT 645",NA,2005
"Radeon Ryzen 5 7600X3D 6-Core",NA,2005
"Radeon R9 350",299,2002
"Radeon Ryzen Embedded V2718",NA,1998
"GeForce GTX 765M",186.3,1995
"Radeon R9 M385X",NA,1993
"Ryzen 5 5500U with Radeon Graphics",NA,1991
"Ryzen 5 5625U with Radeon Graphics",NA,1989
"Radeon Ryzen 7 PRO 5875U",NA,1989
"Intel Iris Pro 580",NA,1987
"GeForce GTX 460 SE",159.99,1984
"Ryzen 3 PRO 7330U with Radeon Graphics",NA,1984
"Radeon RX 640",NA,1983
"Radeon R7 + R7 350 Dual",NA,1982
"Intel Iris Xe MAX",NA,1971
"Radeon Vega 11 Ryzen 5 PRO 3400G",NA,1971
"Radeon HD 5850",288.99,1969
"Radeon HD 6850",205.28,1965
"Eng Sample: 100-000000371-40_42/18_Y",NA,1964
"Radeon R7 + HD 7700 Dual",NA,1962
"Radeon HD 7660D + HD 7700 Dual",NA,1958
"Qualcomm Adreno 8cx Gen 3",NA,1953
"GeForce GTX 470M",NA,1953
"GeForce GTX 670MX",NA,1951
"Ryzen 3 5300G with Radeon Graphics",NA,1945
"Radeon Ryzen 5 PRO 5675U",NA,1938
"Quadro 5000",2168.61,1933
"Ryzen 5 PRO 7530U with Radeon Graphics",NA,1933
"GeForce GTX 675M",NA,1927
"Intel Iris Xe MAX 100",NA,1927
"Radeon Vega 8 Ryzen 3 3200G",NA,1925
"Radeon R7 450",299,1923
"Radeon RX 570X",153.01,1923
"Radeon HD 7560D + 7700 Dual",NA,1919
"Ryzen 3 5300GE with Radeon Graphics",NA,1917
"GeForce GTX 560 SE",89.99,1914
"Radeon Vega 11 Ryzen 5 PRO 3400GE w/",NA,1907
"Matrox C680 PCIe x16",NA,1903
"Quadro K4000M",254,1902
"Ryzen 5 4600U with Radeon Graphics",NA,1901
"Radeon HD 7700-serie",NA,1899
"Radeon Ryzen 5 4600GE with Radeon Graphics",NA,1896
"Radeon RX 540",NA,1896
"Ryzen 3 PRO 4350GE with Radeon Graphics",NA,1895
"RadeonT Vega 8",NA,1894
"Radeon HD 8670D + HD 7700 Dual",NA,1892
"Intel UHD Graphics 770",NA,1887
"GeForce GTX 645",NA,1882
"Quadro M520",NA,1872
"GeForce GTX 460 v2",199.99,1871
"FirePro 3D V7800",599.99,1867
"Radeon Ryzen Embedded R2544",NA,1864
"GeForce GTX 570M",NA,1863
"Qualcomm Adreno 8cx Gen 3 GPU",NA,1863
"Radeon Eng Sample: 100-000000287-40_Y",NA,1861
"Radeon RX Vega 11 Processor",NA,1861
"Radeon RX Vega 11 Ryzen 7 3750H",NA,1856
"Radeon RX Vega 11 Ryzen 5 3350G",NA,1854
"Radeon Ryzen 3 PRO 7330U",NA,1854
"GeForce 945A",NA,1852
"Radeon Ryzen Embedded V2748",NA,1842
"Radeon RX Vega 10 Ryzen 7 3750H",NA,1840
"Radeon Vega 11",NA,1840
"FirePro M5100 FireGL V",NA,1839
"GRID M60-0B",NA,1838
"Radeon Vega 8 Ryzen 3 PRO 3200G",NA,1836
"GeForce MX130",NA,1835
"Radeon Pro WX 2100",NA,1835
"Radeon HD 8570D + HD 7700 Dual",NA,1834
"GeForce MX230",NA,1834
"Radeon Ryzen 5 7600 6-Core",NA,1833
"FirePro M6000",325.99,1820
"Ryzen 5 4500U with Radeon Graphics",NA,1818
"Radeon R9 M360",NA,1813
"Intel Iris Plus",NA,1813
"Matrox C900 PCIe x16",NA,1812
"Radeon R9 M375X",NA,1807
"Radeon HD 8870M / R9 M270X / M370X",NA,1799
"Ryzen 3 PRO 4200G with Radeon Graphics",NA,1798
"Lebo Virtual USB Monitor",NA,1789
"Radeon HD 8670D + 7700 Dual",NA,1788
"Embedded Radeon E9173",NA,1787
"Ryzen 3 PRO 5350GE with Radeon Graphics",NA,1785
"Radeon R7 M465X",NA,1780
"Radeon RX Vega 10 Ryzen 5 3500U",NA,1778
"Firepro W5170M",NA,1777
"Radeon Ryzen 3 PRO 5450U",NA,1777
"Quadro 5010M",235.95,1771
"PCI\VEN_1002&DEV_164E&SUBSYS_D0001458&REV_C6 Ryzen",NA,1768
"Intel UHD 770#0x1c005d839205d7e9#",NA,1758
"GRID M10-8Q",NA,1755
"Ryzen 5 PRO 4650U with Radeon Graphics",NA,1752
"GeForce GTX 650",143.8,1750
"Ryzen 3 PRO 4200GE with Radeon Graphics",NA,1748
"GeForce GTX 670M",NA,1745
"Radeon Ryzen 7 7800X3D 8-Core",NA,1739
"Intel Iris Plus 655",NA,1733
"Radeon HD 5830",258.99,1732
"Radeon Ryzen 5 7600X 6-Core",NA,1728
"Intel UHD Graphics 750",NA,1726
"Radeon Ryzen 9 PRO 7945 12-Core",NA,1725
"Radeon Vega 8 Ryzen 3 3200GE",NA,1721
"GeForce GTX 760M",NA,1720
"Ryzen 5 PRO 5675U with Radeon Graphics",NA,1719
"Intel Iris Plus 645",NA,1715
"FirePro M6000 Mobility Pro",NA,1712
"Radeon HD 6900M",NA,1702
"Radeon HD 7750",118.79,1700
"Radeon Ryzen 9 7900X3D 12-Core",NA,1697
"GeForce GT 755M",NA,1688
"Radeon Ryzen 7 7700 8-Core",NA,1687
"Radeon E8860",NA,1686
"Radeon Eng Sample: 100-000000263-30_Y",NA,1683
"PCI\VEN_1002&DEV_164E&SUBSYS_D0001458&REV_C2 Ryzen",NA,1680
"Radeon Vega 8 Ryzen 5 3550H",NA,1680
"Radeon RX Vega11 Ryzen 7 3750H",NA,1674
"FirePro W600",414.99,1671
"Intel UHD Graphics P750",NA,1670
"Radeon R7 M380",NA,1668
"Ryzen 3 5425U with Radeon Graphics",NA,1667
"Radeon EPYC 4584PX 16-Core",NA,1661
"Radeon Ryzen 3 7330U",NA,1655
"PCI\VEN_1002&DEV_164E&SUBSYS_D0001458&REV_C3 Ryzen",NA,1653
"Radeon Vega 10 Ryzen 7 PRO 3700U w/",NA,1653
"Radeon HD HD7850M",NA,1651
"Ryzen 3 7330U with Radeon Graphics",NA,1649
"Virtual Display Device",NA,1649
"Quadro P400",201.17,1643
"PCI\VEN_1002&DEV_164E&SUBSYS_D0001458&REV_C7 Ryzen",NA,1642
"Quadro K3000M",407.56,1639
"Radeon Ryzen 9 7950X3D 16-Core",NA,1638
"Radeon HD 8870M",NA,1638
"Radeon RX Vega 10",NA,1635
"Radeon EPYC 4344P 8-Core",NA,1634
"Quadro P500",NA,1630
"FirePro M4000 Mobility Pro",NA,1628
"Intel Iris Pro P6300",NA,1625
"RadeonT RX Vega 11",NA,1621
"Radeon EPYC 4484PX 12-Core",NA,1619
"Radeon HD 6790",294,1618
"Radeon EPYC 4564P 16-Core",NA,1618
"Ryzen 7 2700U with Radeon Vega",NA,1617
"GeForce GTX 480M",NA,1617
"Radeon R9 M275X",NA,1615
"Radeon EPYC 4124P 4-Core",NA,1614
"Radeon EPYC 4464P 12-Core",NA,1613
"Radeon EPYC 4364P 8-Core",NA,1610
"Radeon RX Vega11",NA,1605
"Seria Radeon HD 7700",NA,1603
"Ryzen 3 PRO 5450U with Radeon Graphics",NA,1601
"FirePro M4000",72.83,1593
"Radeon Ryzen 3 5300U",NA,1592
"Radeon Vega 9",NA,1590
"Quadro K2000D",339.99,1586
"Ryzen 3 5400U with Radeon Graphics",NA,1583
"Radeon Vega 8",126.86,1583
"Intel UHD Graphics 730",NA,1582
"Radeon Ryzen 7 PRO 7745 8-Core",NA,1581
"Quadro K2000",294,1580
"Intel Iris Plus 650",NA,1575
"Radeon R9 M275X / M375",NA,1574
"Radeon Athlon Gold PRO 4150GE",NA,1573
"GeForce GTX 555",NA,1571
"Radeon 610M Ryzen 9 7945HX",NA,1564
"Radeon Vega 9 Ryzen 5 3550H",NA,1561
"Radeon Vega 10",NA,1560
"Radeon HD 7560D + HD 6670 Dual",NA,1554
"Radeon R9 M370X",889,1554
"GeForce GTX 550 Ti",99.99,1554
"Radeon Ryzen 5 PRO 7645 6-Core",NA,1552
"Radeon Ryzen 3 5425U",NA,1547
"Radeon HD 8470D + HD 7500 Dual",NA,1545
"Ryzen 3 PRO 4300U with Radeon Graphics",NA,1542
"Radeon Ryzen 3 PRO 5475U",NA,1541
"FirePro V8700",157.88,1538
"Ryzen 3 PRO 4450U with Radeon Graphics",NA,1538
"Radeon Vega 6 Ryzen 3 3350U",NA,1537
"Ryzen 3 5300U with Radeon Graphics",NA,1527
"Radeon Ryzen Embedded V2516",NA,1527
"GeForce 845M",NA,1524
"RTXA5000-6Q",NA,1522
"Radeon RX Vega 10 Ryzen 7 PRO 3700U w/",NA,1521
"GeForce 940MX",NA,1517
"Radeon Vega 9 Ryzen 5 Microsoft Surface Edition",NA,1516
"Radeon Vega 10 Mobile",NA,1516
"FirePro W4100",184,1514
"GeForce GTX 285",119.99,1513
"Radeon HD 4890",89.99,1507
"Radeon HD 7870M",NA,1507
"Radeon RX Vega 10 Ryzen 7 3700U",NA,1507
"Ryzen 5 2500U with Radeon Vega",NA,1503
"Radeon RX Vega 8",NA,1501
"Radeon Vega 8 Ryzen 3 PRO 3200GE w/",NA,1498
"Radeon HD 6670 + 7660D Dual",NA,1492
"Qualcomm Adreno X1-45 GPU",NA,1490
"Radeon Vega 8 Ryzen 5 PRO 3500U w/",NA,1487
"Intel UHD Graphics",NA,1486
"Radeon HD 7660D + HD 6670 Dual",NA,1484
"Radeon Ryzen Embedded R2514",NA,1482
"GeForce GT 740",236.99,1481
"Radeon R9 M365X",NA,1481
"Quadro 4000",699,1478
"Intel Iris Pro Graphics 6200",NA,1471
"Radeon R7 FX-9830P RADEON",NA,1464
"GeForce GTX 660M",78.99,1442
"Ryzen 5 PRO 4400GE with Radeon Graphics",NA,1441
"Radeon Eng Sample: 100-000000085-40_35/24_Y",NA,1440
"Radeon 540X",NA,1437
"Radeon HD 8470D + HD 6670 Dual",NA,1435
"GeForce MX110",NA,1435
"Radeon 630",NA,1434
"Intel Iris 650",NA,1432
"Radeon 550X",NA,1432
"Ryzen 3 PRO 5475U with Radeon Graphics",NA,1431
"Radeon Ryzen 3 PRO 4355GE",NA,1431
"Radeon Vega 8 Mobile",NA,1428
"Intel Iris 550",NA,1427
"Radeon HD 7560D + 7670 Dual",NA,1426
"Radeon EPYC 4244P 6-Core",NA,1424
"Radeon R9 255",344.16,1420
"Radeon R7 M370",NA,1417
"FirePro W5130M",NA,1409
"Radeon Pro WX 4170",NA,1409
"Radeon RX Vega11 Ryzen 7 Microsoft Surface Edition",NA,1398
"Radeon Vega 8 Ryzen 5 3500U",NA,1395
"GeForce GTX 275",431.72,1387
"Radeon 540",NA,1383
"Radeon HD 7560D + HD 7670 Dual",NA,1380
"Radeon HD 4870",142.8,1375
"Radeon HD 7850M",NA,1372
"Radeon Vega 6 Ryzen 3 PRO 3300U w/",NA,1370
"FirePro M40003",NA,1364
"Radeon HD 8670D + 6670 Dual",NA,1361
"Ryzen 3 4300U with Radeon Graphics",NA,1358
"Quadro K2100M",415.99,1356
"Intel Iris Plus 640",NA,1350
"Radeon HD 7560D + HD 7700 Dual",NA,1346
"Radeon Ryzen 7 3700U",NA,1345
"FireStream 9270",NA,1341
"Radeon HD 5770",189.99,1340
"Radeon Vega 3 Athlon Gold 3150G",NA,1334
"GeForce GT 750M",NA,1330
"GeForce GTS 450",134.24,1322
"Radeon HD 8670D + HD 7600 Dual",NA,1317
"FirePro M5950",NA,1314
"Radeon R7 PRO A8-8670E",NA,1309
"Radeon HD 4870 X2",NA,1309
"Radeon Vega 6",1799.99,1308
"Tesla M2070-Q",NA,1305
"Radeon HD 8790M",NA,1305
"Quadro 4000M",232.06,1302
"TENSOR 1.0 Driver Intel HD 630",NA,1299
"GeForce GTX 280",522.78,1299
"Radeon Vega 6 Ryzen 3 3300U",NA,1297
"Radeon R7 PRO A6-9500 R5, 8 COMPUTE CORES 2C+6G",NA,1293
"GeForce 930MX",NA,1288
"MxGPU",NA,1282
"Radeon R7 A370",NA,1281
"FirePro 3D V8750",1230.99,1271
"Ryzen3 5300U Ryzen 3 5300U",NA,1268
"GeForce 930A",NA,1267
"Radeon with 3 5300U Ryzen 3 5300U",NA,1265
"FirePro V5900",86,1264
"Intel Iris 540",NA,1261
"GeForce GTX 560M",NA,1260
"Radeon HD 8570D + HD 6670 Dual",NA,1260
"Radeon HD 7560D + HD 7600 Dual",NA,1258
"Radeon HD 6770",264.99,1250
"Intel UHD Graphics 630",NA,1243
"Radeon Vega 8 Ryzen 5 3450U",NA,1243
"GeForce GT 745A",NA,1240
"Quadro 2000 D",NA,1239
"Radeon HD 8570D + 6570 Dual",NA,1239
"Radeon HD 7660D + 6670 Dual",NA,1238
"Radeon HD 7560D + HD 6570 Dual",NA,1237
"Radeon R7 + R5 340 Dual",NA,1234
"Radeon R7 + R7 250 Dual",NA,1232
"FirePro 3D V5800",204,1231
"GeForce GTX 760A",NA,1226
"Radeon HD 8670D + HD 6670 Dual",NA,1221
"Quadro FX 5800",274,1221
"GeForce GTX 260",285.78,1218
"Radeon HD 8790M / R9 M290X",NA,1210
"Radeon HD 7730",232.7,1208
"GeForce GTX 460M",NA,1207
"FirePro 3D V8700",170.07,1206
"GeForce GTX 295",159.99,1206
"N16P-GX",NA,1204
"Radeon HD 7660D + 7540D Dual",NA,1204
"Radeon R9 M270X",NA,1204
"Intel HD P630",NA,1203
"GeForce GT 650M",NA,1203
"Radeon HD 7750M",NA,1191
"Radeon R7 +8G",NA,1190
"GeForce GPU",NA,1185
"Intel Iris Pro 5200",NA,1184
"NVS 810",624.99,1179
"GeForce GT 640",109.99,1176
"FirePro V5800",53,1175
"Radeon R7 Opteron X3421",NA,1168
"Radeon R7 M350",NA,1166
"Quadro K620M",NA,1165
"FireStream 9250",NA,1164
"Radeon HD 5750",128.99,1163
"Quadro M500M",NA,1163
"Barco MXRT 5400",203,1161
"Intel HD P530",NA,1160
"Intel Coffee Lake UHD",NA,1158
"FirePro M4170",NA,1155
"Firepro W4190M",NA,1150
"GeForce 840A",NA,1145
"Radeon R7 A8-7690K",NA,1140
"Radeon HD 8850M / R9 M265X",NA,1139
"GeForce 830A",NA,1138
"Radeon R9 M265X",NA,1132
"Radeon HD 4850 X2",NA,1132
"Radeon HD 7560D + 6670 Dual",NA,1130
"Radeon HD 8650G + 7700M Dual",NA,1126
"GeForce 940M",NA,1125
"Radeon R7 M465",NA,1125
"Radeon Ryzen 5 3450U",NA,1124
"Radeon HD 7660D + 7500 Dual",NA,1121
"Radeon R9 M275",699.99,1114
"Radeon R7 A10-7870K",NA,1111
"Intel HD 630",NA,1109
"GeForce 940A",NA,1106
"GeForce GT 545",55.59,1104
"RadeonT 610M",NA,1101
"Radeon HD 7660D + 6570 Dual",NA,1100
"Quadro 2100M",NA,1100
"Radeon 610M",NA,1099
"Radeon R5 PRO A6-9500 2C+6G",NA,1096
"Radeon 625",NA,1094
"Radeon R7 430",150.58,1092
"GeForce GTX 850M - MODDED",NA,1091
"GeForce 840M",NA,1091
"GeForce GT 745M",NA,1090
"Quadro K1100M",322.99,1090
"Mobility Radeon HD 5870",NA,1084
"GeForce 920MX",NA,1081
"Radeon R7 A12-9800 RADEON",NA,1081
"MIRRORV3",NA,1080
"Barco MXRT 5450",199.99,1079
"Intel UHD Graphics 710",NA,1077
"Radeon 535",NA,1077
"Radeon R7 + R7 200 Dual",NA,1077
"Radeon R7 M460",NA,1071
"Radeon HD 8450G + 8600/8700M Dual",NA,1070
"A16-16A",NA,1068
"Radeon HD 7660D + 7670 Dual",NA,1061
"Radeon HD 7520G + 7700M Dual",NA,1060
"Radeon R7 250",99.99,1060
"Firepro M4100",NA,1059
"OPAL XT/GL",NA,1053
"Radeon HD 7670A",NA,1050
"GeForce GTX 850A",NA,1049
"Radeon R7 + R7 240 Dual",NA,1045
"Intel UHD Graphics 620",NA,1044
"Radeon Vega 3 Athlon 300GE",NA,1044
"Radeon HD 6750",79.99,1043
"Radeon HD 8570D + 6670 Dual",NA,1039
"Radeon Vega 3 Mobile",NA,1034
"FirePro W4170M",NA,1033
"Radeon HD 8570D + HD 8570 Dual",NA,1032
"Radeon Ryzen Embedded R2314",NA,1032
"Radeon HD 8600/8700M",NA,1029
"Radeon R7 + R5 330 Dual",NA,1028
"Qualcomm Adreno 690 GPU",NA,1027
"Radeon R7 A12-9730P RADEON",NA,1026
"Radeon R9 A375",NA,1024
"Radeon 530",NA,1021
"Radeon HD 8670D + R7 240 Dual",NA,1020
"Intel UHD 770",NA,1016
"Radeon HD 6700M",NA,1016
"Radeon R5 A6-9500E 2C+4G",NA,1014
"Radeon RX Vega 6",NA,1014
"GeForce 930M",NA,1013
"Quadro K2000M",144.04,1012
"Radeon HD 7690M XT",NA,1009
"GeForce 830M",NA,1008
"Glenfly Arise-GT-10C0",NA,1007
"Radeon HD 8750M",NA,1004
"Radeon HD 7660G + HD 7500/7600 7500/7600 Dual",NA,1002
"Radeon R7 340",NA,1000
"Radeon HD 8570D + R7 200 Dual",NA,999
"Radeon HD 7660G + HD 7500M/7600M Dual",NA,999
"Radeon HD 7640G + HD 8750M Dual",NA,996
"Quadro 3000M",69.99,995
"Intel HD 530",NA,995
"Radeon R7 A265",NA,993
"FirePro V4900",149.99,990
"Radeon Vega 3 Athlon 3000G",NA,989
"Radeon R7 M260X",NA,986
"Radeon HD 7560D + 7570 Dual",NA,985
"Radeon R5 PRO A6-8570 R5, 8 COMPUTE CORES 2C+6G",NA,984
"Radeon HD 8690M",NA,984
"Radeon HD 7560D + 7560D Dual",NA,982
"Qualcomm Adreno 685 GPU",NA,979
"Quadro FX 4800",1658.97,978
"Radeon R5 A10-9630P 4C+6G",NA,977
"Quadro 2000D",569,976
"Radeon R7 A10-7890K",NA,975
"Radeon HD 8670D + 8570 Dual",NA,974
"Radeon HD 8850M",NA,973
"Radeon R7 PRO A10-9700E",529,970
"Radeon R6 A10-9600P 4C+6G",NA,970
"Radeon R9 M375",NA,969
"Radeon HD 7660G N HD 7660G + HD 7700M N HD 7700M D",NA,966
"Radeon HD 6770M",NA,964
"Radeon HD 8570D + R7 240 Dual",NA,963
"Radeon R7 M270DX",NA,961
"Radeon R7 A10-7850K",NA,961
"TENSOR 1.0 Driver Intel HD 530",NA,958
"Radeon R6 Opteron X3418",NA,955
"Radeon R7 PRO A12-9800E",NA,954
"Radeon HD 8670D + R7 200 Dual",NA,949
"Radeon HD 8570 + HD 7660D Dual",NA,949
"FirePro M4150",NA,948
"Quadro CX",149.95,947
"Quadro 2000",213.23,946
"Radeon HD 6670/7670",NA,945
"Radeon HD 7640G + 7690M Dual",NA,945
"Radeon R7 PRO A10-8850B",NA,945
"zxcvIntel HD 620",NA,943
"Radeon R7 M445",744,943
"Radeon HD 8570",98.68,942
"Radeon HD 7660D + R7 240 Dual",NA,941
"Radeon HD 6750M",NA,937
"Radeon HD 7560D + HD 8570 Dual",NA,935
"Radeon R5 340",NA,935
"Radeon Vega 3 Athlon PRO 300GE w/",NA,935
"GeForce GT 645M",NA,934
"Radeon HD 4850",139.99,933
"Radeon HD 7660G + 7730M Dual",NA,931
"Radeon R7 240 + HD 8670D Dual",NA,930
"Radeon R5 A6-9500 RADEON R5, 8 COMPUTE CORES 2C+6G",NA,928
"Radeon R7 A10-7860K",NA,927
"Intel HD Graphics 620",NA,926
"Radeon R7 A10-9700 RADEON",NA,925
"Intel Iris Pro 6100",NA,925
"GeForce GT 640M",NA,925
"Radeon Vega 3 Athlon Gold PRO 3150GE",NA,920
"Radeon R7 240 + HD 8570D Dual",NA,917
"Radeon R7 PRO A10-8770",NA,917
"Radeon R5 430",59,914
"Radeon R7 A12-9800E RADEON",139.19,913
"Radeon R7 A8-8650",NA,912
"GRID K220Q",NA,912
"GRID M6-0B",NA,911
"Radeon 6750M",NA,911
"Radeon HD 4770",119.59,909
"Radeon HD 7690M",NA,909
"Radeon RX Vega 6 Ryzen 3 3200U",NA,906
"Radeon R7 PRO A12-8870E",NA,905
"GRID P40-6Q",NA,905
"Radeon R7 PRO A12-8870",NA,904
"Radeon HD 8550G + 7600M Dual",NA,901
"Barco MXRT 7400",99,900
"Barco MXRT 2600",199,900
"Radeon R7 A10-9700E RADEON",NA,899
"Radeon R7 240",84.56,899
"Radeon R7 + R5 Dual",NA,897
"Radeon R7 M440",NA,895
"Radeon 620",NA,894
"Intel Iris 6100",NA,894
"Radeon R7 PRO A8-9600",NA,893
"7900 MOD - Radeon HD 6550D",NA,892
"Radeon Vega 3",2677.99,888
"Radeon R7 + R5 435 Dual A10-9700 RADEON",NA,885
"Radeon HD 8650G + 7670M Dual",NA,883
"Radeon HD 7660G + HD 7730M Dual",NA,881
"Radeon R7 PRO A12-9800",NA,877
"Radeon E6760",239.99,876
"Radeon R7 A8-7500",NA,875
"Intel UHD Graphics 617",NA,874
"Intel HD 6000",NA,873
"GRID M10-0B",NA,870
"Radeon R7 G",NA,869
"FirePro W2100",59,869
"Radeon HD 8570D + HD 6570 Dual",NA,868
"Intel HD 520",NA,867
"USB Mobile Monitor Virtual Display",NA,866
"Mobility Radeon HD 4850",NA,866
"Radeon HD 8470D + HD 6450 Dual",NA,862
"Radeon Vega 3 Athlon 300U",NA,861
"Radeon 520",89.99,861
"Radeon R7 A10-8750",NA,856
"Radeon Vega 3 Athlon Silver 3050U",NA,855
"FirePro 3D V4800",159.99,853
"Radeon R5 A6-9500 2C+6G",NA,853
"Radeon R7 A8-7500 4C+6G",NA,853
"Radeon HD 8500M/8700M",NA,852
"Radeon R5 435",NA,850
"Radeon Vega 3 Ryzen 3 3200U",NA,849
"Radeon R7 A8-7670K",NA,848
"Radeon R5 PRO A6-8570 2C+6G",NA,847
"FireGL V8600",NA,838
"Radeon HD 8470D + 6570 Dual",NA,837
"Radeon HD 8670D + R5 235 Dual",NA,836
"GeForce 920A",NA,836
"Radeon HD 4830",59.99,835
"Radeon HD 6650A",NA,835
"GeForce GT 730",109.99,835
"Radeon HD 7560D + 6570 Dual",NA,833
"Radeon HD 7520G + HD 7500/7600 Dual",NA,832
"Radeon HD 8650G + 8600/8700M Dual",NA,831
"GeForce GT 635",66.94,831
"Radeon HD 7660G + 7600M Dual",NA,831
"Intel HD 5200",NA,830
"Radeon R7 FX-8800P",NA,829
"GRID M60-0Q",NA,827
"Radeon R7 A8-7680",NA,826
"Radeon R7 PRO A10-8770E",NA,825
"Radeon HD 7640G N HD 7640G + HD 7600M N HD 7600M D",NA,824
"Quadro FX 3800",259.13,823
"Radeon R7 A10 PRO-7850B",NA,822
"Radeon HD 3850 X2",NA,822
"Radeon R7 A8-9600 RADEON",NA,822
"Radeon HD 7540D + 7500 Dual",NA,821
"Radeon HD 8650G + HD 7600M Dual",NA,819
"Radeon HD 8550G + HD 8750M Dual",NA,819
"Radeon R7 M260DX",NA,816
"Radeon R7 A10 Extreme Edition",NA,816
"Radeon R9 M280X",NA,813
"GeForce GT 730M",NA,813
"Radeon HD 8670D + 7000 Dual",NA,811
"GeForce GT 445M",NA,811
"Radeon HD 7670",NA,805
"Radeon R5 M435",NA,804
"Radeon HD 5670",97.12,803
"Radeon HD 8550G + 8600/8700M Dual",NA,802
"Qualcomm Adreno 680 GPU",NA,802
"Radeon HD 8650G + HD 8790M Dual",NA,799
"Radeon HD 6800M",NA,798
"Radeon R7 PRO A10-9700",NA,798
"GeForce 9800 GX2",195,797
"Radeon R8 M445DX",NA,796
"Radeon HD 8650G N HD 8650G + HD 8600/8700M Dual",NA,796
"GeForce GT 740M",NA,796
"Radeon HD 8550G + 8750M Dual",NA,795
"GRID M10-0Q",NA,795
"Radeon R5 PRO A6-9500 R5, 8 COMPUTE CORES 2C+6G",NA,793
"A40-6Q",NA,787
"Radeon HD 8650G + 8750M Dual",NA,786
"Radeon R7 A8-7600",NA,785
"Radeon Ryzen 3 3250U",NA,785
"GeForce 825M",NA,782
"Radeon R7 PRO A6-9500 2C+6G",NA,781
"Radeon R7 A365",NA,781
"Radeon HD 8730M",NA,780
"Radeon R7 A10 PRO-7800B",NA,780
"Quadro K1000M",69.95,779
"Radeon R7 A10-7700K",NA,778
"Radeon Vega 3 Ryzen 3 3250U",NA,778
"Quadro 2000M",229.74,778
"Radeon HD 7660G + HD 7700M Dual",NA,777
"Radeon HD 7640G + 7500M/7600M Dual",NA,775
"Radeon HD 7730M",NA,774
"Radeon 535DX",NA,773
"Radeon Athlon Gold 3150U",NA,773
"Radeon HD 7600M + 7600M Dual",NA,773
"Radeon HD 8650G N HD 8650G + HD 8570M Dual",NA,773
"Mobility Radeon HD 5000",NA,773
"Radeon R7 A10-8850",NA,773
"GeForce GT 440",225,771
"Radeon R5 PRO A6-9500E 2C+4G",NA,770
"GeForce 730A",NA,770
"Radeon HD 4810",NA,769
"GeForce 9800 GTX",74.99,769
"Radeon R7 PRO A10-8750B",NA,767
"Radeon R7 M270",NA,766
"Radeon HD 8650G + HD 8600/8700M Dual",NA,763
"Mobility Radeon HD 5850",NA,763
"Radeon HD 6450 + 8470D Dual",NA,762
"Radeon HD 7660G + HD 7500/7600 Dual",NA,760
"Radeon HD 7660G + HD 8500M Dual",NA,758
"Radeon HD 8650G + HD 8600M N HD 8600M Dual",NA,757
"Radeon HD 7660G + 7700M Dual",NA,757
"Quadro 1100M",NA,755
"Radeon HD 7640G + 7450M Dual",NA,754
"Radeon HD 8570D + HD 7000 Dual",NA,753
"Radeon HD 6650M",NA,753
"Radeon R7 M365X",NA,750
"Radeon R5 A10-9630P RADEON R5, 10 COMPUTE CORES 4C",NA,750
"IncrediblE HD 4600",NA,749
"Radeon M535DX",NA,749
"Qualcomm Adreno 7c Gen 3 GPU",NA,748
"Radeon HD 7640G + 7650M Dual",NA,747
"Radeon HD 7660G + HD 8600/8700M Dual",NA,747
"Intel Iris 5100",NA,746
"Radeon HD 8670D + R5 330 Dual",NA,746
"Radeon HD 7660G + 7610M Dual",NA,745
"Radeon R7 A8-7650K",NA,745
"Quadro K420",269,744
"Radeon R5 235 + HD 7560D Dual",NA,743
"Radeon HD 7660G + 7670M Dual",NA,743
"GeForce GT 730A",NA,742
"Radeon HD 8650G + 7600M Dual",NA,741
"Intel Poison Ivy",NA,738
"GeForce GT 340",52.99,738
"Radeon HD 7670M + 7670M Dual",NA,738
"Radeon R5 235 + HD 8570D Dual",NA,737
"Quadro K600",60.24,736
"Radeon Vega 3 Ryzen Embedded R1505G",NA,736
"Radeon R7 A12-9720P RADEON",365.48,734
"Intel UHD Graphics 615",NA,734
"Radeon R5 A10-9620P 4C+6G",NA,731
"Radeon R7 A12-9700P RADEON",435.92,730
"Radeon HD 7550M/7650M",NA,728
"GRID K140Q",NA,727
"Radeon HD 6670",68.99,726
"Radeon R5 A6-9500E RADEON R5, 6 COMPUTE CORES 2C+4",NA,726
"Radeon HD 7660G N HD 7660G + HD 7600M N HD 7600M D",NA,722
"Radeon HD 8650G + R5 M200 Dual",NA,722
"Mi Pad 5 Adreno 640 GPU",NA,722
"GeForce 920M",NA,720
"Asus GTX 650 FML II EC-EGPU",NA,720
"Mobility Radeon HD 4870",NA,719
"Radeon HD 7540D + 6570 Dual",NA,719
"Radeon R7 PRO A8-8650B",NA,718
"Radeon HD 8670D + HD 7000 Dual",NA,718
"Quadro K610M",240,718
"Radeon HD 8470D + 6450 Dual",NA,717
"Radeon R7 A10-7800",NA,716
"Radeon HD 8650G + HD 8570M Dual",NA,716
"Intel UHD Graphics 610",NA,711
"Radeon HD 7660G + HD 8670M Dual",NA,711
"Intel HD 615",NA,708
"Radeon HD 3870 X2",NA,708
"Radeon HD 6550A",NA,707
"Radeon HD 7660G + HD 7670M Dual",NA,706
"GeForce GT 640M LE",849.99,706
"Radeon R7 FX-9800P RADEON",530,706
"Radeon HD 7640G + 7600M Dual",NA,705
"Radeon HD 7660G N HD 7660G + HD 7670M Dual",NA,704
"Radeon HD 7640G + HD 7600M Dual",NA,704
"Radeon R7 PRO A12-9800B",NA,702
"Radeon R5 A10-9600P RADEON R5, 10 COMPUTE CORES 4C",NA,699
"TRINITY DEVASTATOR MOBILE",NA,699
"Radeon HD 7570M/HD 7670M",NA,699
"Radeon R5 A6-7480",NA,698
"Radeon R5 PRO A10-8730B 4C+6G",NA,695
"Radeon R5 PRO A6-9500B 2C+4G",NA,693
"NVS 510",111.99,692
"Radeon Athlon Silver 3050U",NA,691
"Radeon HD 7640G + 7700M Dual",NA,690
"Radeon R5 PRO A6-8570E R5, 6 COMPUTE CORES 2C+4G",NA,689
"Radeon R5 PRO A6-8530B 2C+4G",NA,689
"Radeon HD 7640G + 8600/8700M Dual",NA,688
"Intel HD 610",NA,686
"Radeon HD 8650G + R5 M230 Dual",NA,686
"Radeon HD 6630M",NA,684
"GRID P40-3Q",NA,681
"Radeon HD 8650G N HD 8650G + HD 8600M N HD 8600M D",NA,679
"Radeon HD 7640G N HD 7640G + HD 7670M Dual",NA,679
"GeForce GTS 160M",NA,678
"GeForce GT 630",147.01,677
"Radeon HD 7640G + HD 8670M Dual",NA,677
"Radeon Vega 3 Athlon 320GE",NA,677
"Radeon HD 8610G + R5 M200 Dual",NA,676
"Quadro FX 4700 X2",NA,676
"Radeon R8 M535DX",NA,670
"GeForce GT 740A",NA,667
"Radeon R7 A8 PRO-7600B",NA,666
"GeForce GT 530",49,666
"Radeon HD 7640G + HD 8500M N HD 8500M Dual",NA,665
"Radeon R5 A10-9620P RADEON R5, 10 COMPUTE CORES 4C",NA,665
"FirePro M7740",NA,665
"Radeon HD 8550G + 8690M Dual",NA,664
"FireGL V7700",69.99,660
"Radeon HD 2900 XT",NA,659
"Radeon R5 PRO A8-9600B 4C+6G",NA,658
"GeForce GT 140",NA,657
"GeForce 810A",NA,655
"Radeon R7 M340",NA,655
"Radeon HD 7640G + 8750M Dual",NA,654
"Radeon HD 8550G + HD 8600/8700M Dual",NA,654
"Radeon HD 8650G + 8570M Dual",NA,654
"GeForce GT 555M",177.2,654
"GeForce GTS 360M",NA,653
"Radeon HD 8650G + HD 8750M Dual",NA,651
"Radeon HD 7520G + HD 8750M Dual",NA,651
"GRID K1",395,650
"SUMO 9640",NA,650
"Radeon R5 M430",NA,648
"GeForce GT 735M",NA,648
"Radeon R8 M365DX",NA,647
"FireStream 9170",NA,647
"Radeon HD 6670 + 6670 Dual",NA,646
"Radeon HD 8610G + HD 8500M Dual",NA,645
"Radeon HD 7640G + 7670M Dual",NA,644
"Radeon HD 7540D + HD 6450 Dual",NA,643
"GeForce 8800 Ultra",619.99,642
"Quadro K510M",NA,641
"FirePro V3900",238.44,640
"Radeon Vega 3 Ryzen Embedded R1606G",NA,638
"Radeon R5 PRO A6-8570E 2C+4G",NA,637
"Radeon HD 7640G + 7400M Dual",NA,637
"Radeon HD 8450G + 8750M Dual",NA,637
"GeForce GTX 285M",NA,636
"GeForce 9800 S",NA,635
"Radeon HD 8650G + 8670M Dual",NA,635
"Intel HD P4600/P4700",NA,634
"Radeon HD 8650G + HD 7670M Dual",NA,634
"Radeon HD 7660D + HD 7000 Dual",NA,633
"Radeon HD 5600/5700",NA,633
"Intel HD 515",NA,632
"Radeon HD 7610M",NA,632
"Radeon HD 7640G + HD 7700M N HD 7700M Dual",NA,630
"Radeon HD 7660G + 7470M Dual",NA,630
"Radeon HD 8510G + HD 8500M Dual",NA,629
"Radeon R7 PRO A10-9700B",NA,628
"GRID K160Q",NA,628
"Intel HD 4600",NA,628
"GeForce GT 710",249.99,628
"Radeon HD 2900 PRO",NA,627
"Radeon HD 7640G + 7500/7600 Dual",NA,627
"Radeon HD 8650G + 8500M Dual",NA,626
"NVS 5400M",NA,625
"Radeon HD 7520G + HD 8600/8700M Dual",NA,623
"Intel HD 510",NA,622
"Radeon HD 7640G + HD 7400M Dual",NA,621
"Radeon HD 8570 + 8670D Dual",NA,620
"Intel HD 4600 manual-gen9_2015-134121",NA,619
"Radeon HD 8550G + R5 M200 Dual",NA,619
"Radeon R6",NA,619
"Radeon R5 A10-9600P 4C+6G",NA,619
"Radeon HD 8550G + 8600M Dual",NA,617
"Radeon HD 7500G + 7500M/7600M Dual",NA,616
"FireGL V7600",NA,615
"Intel UHD 630",NA,614
"Radeon R7 PRO A12-8830B",NA,614
"GeForce 720A",NA,614
"GeForce GT 720",99.99,613
"Radeon HD 8650G + 8600M Dual",NA,613
"Radeon HD 7570",102.49,612
"Radeon R5 PRO A10-8730B R5, 10 COMPUTE CORES 4C+6G",NA,612
"Radeon HD 8550G N HD 8550G + HD 8600M N HD 8600M D",NA,611
"7900 MOD - Radeon HD 6520G",NA,610
"Radeon HD 8610G + 8500M Dual",NA,610
"Radeon R7 A360",NA,607
"Radeon HD 7640G + HD 8500M Dual",NA,607
"Radeon HD 8650G + HD 8600M Dual",NA,606
"Radeon R6 M255DX",NA,605
"Radeon R5 A6-9400 RADEON R5, 6 COMPUTE CORES 2C+4G",NA,605
"GeForce 9800 GTX/9800 GTX+",89.99,605
"Intel HD P4600",NA,604
"Radeon HD 8550G + 8500M Dual",NA,602
"GeForce 910M",NA,601
"Radeon HD 8610G + 8670M Dual",NA,599
"GeForce GT 430",139.99,599
"Radeon Vega 3 Athlon Gold 3150U",NA,598
"Radeon R7 PRO A12-8800B",NA,597
"Matrox C420 LP PCIe x16",NA,597
"GeForce GTS 250",86.06,596
"Radeon HD 8510G + 8500M Dual",NA,596
"Radeon R5 M330",NA,595
"Radeon HD 7640G + 7470M Dual",NA,595
"Qualcomm Adreno 7c+ Gen 3",NA,594
"Radeon HD 8550G + HD 8600M Dual",NA,593
"Surface Duo Adreno 640 GPU",NA,592
"Radeon HD 7520G + 7600M Dual",NA,591
"Radeon R6 PRO A8-8600B R6, 10 Compute Cores 4C+6G",NA,590
"GeForce 8800 GTX",119.99,590
"Intel HD 5500",NA,590
"Radeon HD 7640G + HD 7700M Dual",NA,589
"Radeon HD 8610G + 8600M Dual",NA,588
"Radeon HD 7520G + 7610M Dual",NA,588
"Radeon HD 7660G + 7400M Dual",NA,588
"Radeon HD 7660G + 8670M Dual",NA,587
"Radeon HD 7640G + HD 8600/8700M Dual",NA,586
"Radeon R5 A6-8500P",NA,586
"Radeon HD 7640G + 8500M Dual",NA,585
"Quadro FX 3800M",NA,585
"Radeon HD 8650G + HD 8670M Dual",NA,585
"Intel HD 5000",625,585
"Radeon R7 A8-7A8-7600",NA,583
"Radeon HD 7520G + 7500/7600 Dual",NA,582
"Radeon HD 8550G + 8670M Dual",NA,579
"Radeon HD 8450G + R5 M230 Dual",NA,578
"Radeon HD 8610G + HD 8670M Dual",NA,577
"Radeon HD 7620G + 8670M Dual",NA,577
"Intel Skylake HD DT GT2",NA,576
"Radeon R5 A240",NA,576
"GeForce GTX 280M",NA,575
"Radeon HD 7520G + HD 7700M Dual",NA,574
"Radeon R5 420",39.95,574
"Radeon HD 7520G N HD 7520G + HD 7500/7600 7500/760",NA,574
"GeForce GT 720A",NA,573
"GeForce GT 550M",NA,573
"Radeon R7 M360",NA,572
"Quadro 500M",275.14,570
"Radeon R6 + R7 M265DX Dual",NA,570
"Radeon HD 7650A",262,569
"Radeon Vega 3 3020e",NA,568
"Radeon HD 7560D + 6450 Dual",NA,568
"Radeon HD 7660G + HD 7600M Dual",NA,568
"GeForce 8800 GTS 512",NA,568
"Quadro 1000M",54.5,566
"Radeon HD 8550D",NA,566
"Radeon HD 6610M",NA,565
"Radeon R7E",NA,564
"Radeon HD 7560D + R5 235 Dual",NA,563
"GeForce GT 820M",NA,560
"Radeon HD 7640G + R5 M200 Dual",NA,559
"GeForce GT 635M",NA,559
"Radeon HD 8550G + HD 8500M Dual",NA,558
"Radeon HD 7640G + 8670M Dual",NA,558
"Radeon HD 7640G + 8570M Dual",NA,558
"GeForce GTS 240",64.99,556
"GeForce 820A",NA,555
"Radeon Athlon PRO 3045B",NA,555
"Radeon HD 3870",226.37,555
"GeForce 9800M GS",NA,554
"GF117",NA,554
"GeForce GTS 250M",NA,553
"Radeon R5 PRO A8-9600B R5, 10 COMPUTE CORES 4C+6G",NA,553
"Radeon R7 7850A10-7850K",NA,551
"FireGL V8650",298.99,550
"Radeon HD 6570",64.99,550
"Radeon R5 M335",NA,548
"Radeon HD 8550G + HD 7600M Dual",NA,547
"Mobility Radeon HD 3870",NA,547
"FirePro 3D V5700",319.99,546
"Radeon HD 8550G + HD 8670M Dual",NA,546
"Radeon R7 M265",NA,545
"Radeon HD 8450G + 8600M Dual",NA,545
"FirePro 3D V7750",350,545
"Radeon HD 7520G + HD 7400M Dual",NA,544
"Radeon R5 240",85,544
"Radeon HD 7600G + HD 8670M Dual",NA,543
"Quadro FX 2700",NA,543
"Radeon HD 7520G + 7470M Dual",NA,542
"Radeon Vega 2 Athlon Silver 3050U",NA,542
"Radeon R6 A10-8700P",NA,541
"Radeon R6 PRO A10-8700B R6, 10 Compute Cores 4C+6G",NA,539
"Qualcomm Adreno 675 GPU",NA,539
"GeForce GT 630M",NA,538
"Radeon R6 PRO A10-8700B 4C+6G",NA,538
"Radeon R5 M255",NA,536
"GeForce GT 435M",NA,535
"Radeon HD 7560D + HD 7000 Dual",NA,534
"Quadro 600",76,533
"GRID K180Q",NA,533
"Radeon HD 8670D",NA,533
"Radeon HD 8550G + 8570M Dual",NA,532
"Radeon R6 PRO A8-8600B 4C+6G",NA,531
"RADEON HD6530D",NA,531
"Radeon HD 8550G + HD 8570M Dual",NA,529
"Mobility Radeon HD 5570",NA,527
"Radeon HD 7640G + 6400M Dual",NA,526
"Radeon HD 7600G N HD 7600G + HD ON HD Dual",NA,526
"Quadro FX 5600",295,525
"Radeon 6600M",NA,524
"Radeon HD 8650G",NA,524
"Radeon HD 7660D + R5 235 Dual",NA,523
"Radeon HD 7520G + 7670M Dual",NA,523
"GeForce GT 425M",NA,522
"Intel HD 4400",NA,521
"Radeon R5 330",339.99,520
"MCT USB3.0 External Device",NA,520
"Radeon HD 8670M",NA,520
"Radeon HD 7640G + HD 7670M Dual",NA,518
"IncrediblE HD 4000",NA,517
"Intel HD P4000",NA,516
"GeForce 615",NA,514
"NVS 5200M",NA,512
"Mobility Radeon HD 4830",NA,511
"Radeon HD 7640G + 7610M Dual",NA,510
"Radeon HD 7600G + HD 7550M Dual",NA,509
"Radeon HD 7620G + 8600M Dual",NA,508
"Radeon R5 PRO A6-8500B 2C+4G",NA,508
"Radeon HD 7620G + HD 8670M Dual",NA,507
"Mobility Radeon HD 5730",NA,506
"GeForce GT 240",160.97,506
"Radeon Vega 2",NA,506
"GeForce GTS 150M",NA,504
"Radeon HD 8450G + HD 8750M Dual",NA,503
"Radeon HD 7660D",NA,503
"Radeon HD 8690A",NA,501
"Radeon Vega 3 Athlon Silver 3050e",NA,500
"Radeon R7 M260",799,499
"Radeon R7 M265DX",NA,498
"TRINITY SCRAPPER MOBILE",NA,498
"SUMO 964A",NA,497
"Radeon HD 7500G + 7550M Dual",NA,497
"ASUS EAH4870x2",NA,496
"Radeon HD 7520G + HD 7670M Dual",NA,495
"GeForce 820M",NA,494
"GeForce 9800 GTX+",NA,494
"Radeon HD8530M",NA,490
"Radeon HD 8670D N HD 8670D + HD 8670D Dual",NA,488
"Radeon HD 8550G + R5 M230 Dual",NA,487
"GeForce 9600 GT",64.99,487
"Radeon R4E",NA,487
"Radeon HD 7520G + 7400M Dual",NA,486
"Radeon R5 M420",NA,486
"Radeon HD 8610G + HD 8600M Dual",NA,480
"Quadro K500M",NA,480
"Mobility Radeon HD 5000 Serisi",NA,478
"GeForce GT 625M",NA,478
"GeForce 8800 GT",213.5,478
"GeForce GT 540M",87.95,478
"Radeon R5 PRO A6-8500B R5, 6 Compute Cores 2C+4G",NA,478
"Mobility Radeon HD 3870 X2",NA,477
"Radeon HD 8450G + HD 8670M Dual",NA,477
"Radeon HD 7600G + HD 7500M/7600M Dual",NA,476
"GeForce 800A",NA,476
"Radeon HD 5570",191.27,476
"Radeon HD 7660G",NA,476
"Radeon R6 A8-8600P",NA,474
"Radeon HD 8450G + 8670M Dual",NA,474
"Radeon HD 7640G + HD 8570M Dual",NA,474
"Radeon R5 M315",NA,473
"GeForce 710A",NA,473
"Radeon HD 7670M",629.99,472
"FirePro 3D V3800",149.99,472
"Radeon HD 8570D + R5 235 Dual",NA,470
"Quadro FX 3600M",NA,466
"Quadro FX 1800M",NA,466
"SUMO 9644",NA,465
"Radeon HD 7660D + 7470 Dual",NA,465
"Radeon 3020e",NA,465
"Radeon HD 7550M",NA,464
"FirePro V5700",188.06,464
"Mobility Radeon HD 4670",NA,463
"GeForce 8800M GTX",NA,462
"Intel HD Family",NA,461
"Radeon HD 7640G",NA,461
"GeForce GT 320",32.69,461
"GeForce 9800 GT",147.26,460
"Radeon HD 7660G + HD 7600M N HD 7600M Dual",NA,460
"GeForce GT 720M",NA,460
"GeForce GT 525M",NA,459
"GeForce 710M",NA,459
"Radeon HD 7560D",NA,457
"GeForce 800M",NA,457
"GeForce GT625M",NA,457
"Quadro FX 3700M",925,456
"GeForce 705M",NA,455
"Radeon R5 M320",NA,454
"GeForce 9800M GTX",328.5,454
"Radeon HD 7520G + 7650M Dual",NA,453
"Radeon HD 8450G + HD 8600M Dual",NA,452
"Radeon HD 7620G N HD 7620G + HD 8600M N HD 8600M D",NA,451
"Radeon R5 M240",NA,449
"Mobility Radeon HD 5650",NA,449
"Radeon HD 7520G + HD 7600M Dual",NA,447
"Radeon HD 7660G + 8600M Dual",NA,445
"PHDGD Ivy 5",NA,445
"GeForce GT 710M",NA,443
"Radeon HD 7620G + HD 8600M Dual",NA,442
"Radeon HD 8570M",NA,441
"Quadro 410",129,437
"Radeon HD 7650M",NA,437
"Radeon HD 7600G + HD Dual",NA,435
"Radeon HD 8410G",NA,435
"GeForce GT 620M",NA,434
"Radeon HD 3850 AGP",NA,432
"Radeon HD 8570D",NA,431
"Quadro FX 4600",333.25,430
"Radeon HD 7570M",NA,426
"FirePro M2000",NA,425
"GeForce GT 420",155,424
"Radeon HD 7640G + HD 7500/7600 Dual",NA,423
"Radeon HD 7600G + 7550M Dual",NA,423
"RADEON HD6410D",NA,422
"Radeon HD 7640G N HD 7640G + HD 8570M Dual",NA,422
"Radeon R7 Eng Sample: ZM2111C1Y4382_34/21/13/06_98",NA,422
"Radeon HD 8500M",NA,420
"Intel 4th Generation Haswell HD",NA,419
"Quadro FX 2800M",190,417
"Radeon HD 8610G",NA,415
"Radeon R5 M230",NA,414
"GeForce 8800 GTS",79.99,412
"Radeon HD 8550G",NA,411
"GeForce 810M",NA,411
"Radeon R5 PRO A6-9500B R5, 6 COMPUTE CORES 2C+4G",NA,408
"GeForce GTS 350M",NA,407
"Radeon HD 7470M",NA,407
"Radeon HD 7640G + HD 7600M N HD 7600M Dual",NA,406
"Radeon HD 7600G + 7500M/7600M Dual",NA,405
"RADEON E4690",NA,405
"Mobility Radeon HD 4650",NA,401
"Radeon HD 6550D",NA,400
"Intel HD 5300",NA,400
"Quadro FX 1800",135,398
"GeForce GT 420M",NA,397
"Radeon HD 8650D",NA,396
"GeForce GT 330",39.99,394
"Radeon R5 Opteron X3216",NA,394
"Radeon HD 3850",NA,392
"Radeon HD 7600G + 7450M Dual",NA,389
"IncrediblE HD",NA,389
"GeForce 7900 GTX",NA,387
"GeForce GT 335M",NA,382
"GeForce 8800M GTS",NA,382
"GeForce 9800M GT",NA,381
"GeForce GT 130",151.34,381
"Radeon HD 4670",142.96,379
"GeForce GTX 260M",NA,379
"Quadro FX 3700",213.27,377
"Radeon HD 6490M",1193.03,377
"Radeon HD 7520G + 8750M Dual",NA,376
"Radeon HD 7600G + 6400M Dual",NA,376
"Radeon HD 5550",54.99,376
"GeForce GT 620",154,376
"GeForce 9800M GTS",NA,376
"GRID P4-1Q",NA,375
"Radeon HD 8570D + HD8490 Dual",NA,374
"PHDGD Ivy 4",NA,374
"Radeon HD 8470D",NA,373
"Radeon 3015e",NA,372
"Intel UHD Graphics 605",NA,370
"GeForce GT 610M / GT 620M / GT 710M / GT 720M / GT",NA,368
"Quadro FX 2700M",99.95,366
"Matrox Millennium P690 PCIe x16",NA,366
"Radeon HD4670",NA,365
"Mobility Radeon HD 3850",NA,365
"Radeon HD 7520G N HD 7520G + HD 7600M N HD 7600M D",NA,364
"Radeon HD 7620G",NA,363
"Radeon HD 7660G + HD 8600M Dual",NA,363
"Intel HD 505",NA,360
"Radeon Vega 3 Ryzen Embedded R1305G",NA,358
"Radeon HD 8510G",NA,357
"Radeon HD 7500G + HD 7500M/7600M Dual",NA,355
"GeForce GT 625",NA,353
"Radeon HD 6480M",NA,353
"Mobility Radeon HD 565v",NA,353
"ZX C-1080",NA,351
"Radeon HD 7580D",NA,350
"GeForce 7950 GT",254.8,347
"Radeon R5 PRO A6-8530B R5, 6 COMPUTE CORES 2C+4G",NA,346
"Intel HD 4000",1592.95,346
"Radeon HD 8450G",NA,341
"FirePro 3D V3750",50.88,341
"Radeon HD 6620G",NA,341
"FireGL V5600",225,341
"Radeon HD 8310E",NA,340
"Radeon HD 7660D + HD 7400 Dual",NA,339
"Radeon HD 8570D + HD 8470 Dual",NA,338
"Radeon HD 6530D",NA,337
"Radeon R5 235",60.13,336
"Radeon R4",396.99,335
"GeForce GT 705",296.76,335
"FirePro RG220",650.18,335
"Radeon HD 7600G + 8500M/8700M Dual",NA,333
"Radeon HD 7540D",NA,332
"Radeon R5 310",499,331
"GeForce 8800 GS",NA,330
"GeForce 9600 GSO 512",NA,329
"Radeon HD 7450M",NA,329
"Radeon HD 7600G + HD 7400M Dual",NA,328
"GeForce 9600 GSO",107.39,327
"Radeon HD 7600G",NA,327
"GeForce GT 120 / 9500 GT",NA,324
"Radeon E6460",NA,323
"GeForce GT 230",43.99,323
"FirePro V3800",124.99,320
"Intel UHD Graphics 600",NA,320
"RADEON HD6370D",NA,320
"GeForce 240M GT",NA,319
"GeForce 605",136.83,319
"Mobility Radeon HD 560v",NA,318
"Radeon HD 7520G",NA,316
"GeForce GT 520",304,311
"GeForce GT 610",139.99,311
"Radeon HD 8370D",NA,311
"Radeon HD 7520G + 8600/8700M Dual",NA,311
"Radeon HD 7420G",NA,308
"Radeon HD 7500G",NA,307
"Radeon R3",NA,306
"Quadro FX 3500M",99.99,306
"Radeon HD 8350G",NA,304
"Microsoft Basic Display Adapter Ryzen 5 5600G",NA,302
"Radeon R1E",NA,301
"Radeon R5E",NA,300
"NVS 315",69.99,300
"Radeon HD 6520G",NA,299
"Intel HD 500",NA,298
"GRID K120Q",NA,293
"GeForce 9600M GT / GeForce GT 220M",NA,293
"Radeon HD 2900 GT",NA,292
"IncrediblE HD 3000",NA,291
"GeForce 7800 GTX",71.6,290
"GeForce 610M",NA,290
"Radeon HD 7470",81.37,289
"Radeon HD 7450A",NA,288
"GeForce 7950 Xtreme",NA,287
"GeForce GT 415M",NA,286
"Intel HD P3000",NA,284
"GeForce GT 520MX",NA,284
"Mobility Radeon HD 5165",NA,284
"GeForce GT 520M",29.95,283
"Qualcomm Adreno 630 GPU",NA,282
"Radeon HD 2600 XT",159,282
"GeForce 9600 GS",NA,281
"NVS 4200M",399,280
"Radeon HD 7480D",NA,279
"GeForce 9700M GTS",NA,278
"Radeon R5 235X",NA,277
"Radeon HD 6370M",NA,275
"Radeon HD 8400E",NA,275
"GeForce Go 7900 GTX",NA,270
"GeForce 9650M GS",NA,270
"Radeon HD 8280G",NA,269
"Radeon HD 5470",NA,268
"Radeon HD 7400G",NA,267
"Mobility Radeon HD 550v",NA,266
"Radeon HD 8400",NA,266
"Radeon HD 8330",NA,264
"GeForce Go 7950 GTX",NA,263
"Radeon HD 8490",89.99,263
"Radeon HD 8280",NA,260
"Radeon HD 6450A",NA,260
"Quadro FX 3500",68.98,259
"Radeon HD 8330E",NA,259
"GeForce 7900 GT",199,258
"Intel HD 3000",945,258
"Radeon HD 6480G",NA,256
"Radeon HD 8280E",NA,256
"GeForce 410M",NA,255
"Radeon HD 6370D",NA,255
"GeForce 510",69.99,254
"GeForce 7900 GS",NA,253
"GeForce GT 415",NA,251
"Radeon HD 8470",NA,250
"NVS 310",62.06,249
"Radeon HD 7640G + 8600M Dual",NA,249
"Radeon R2",NA,248
"GeForce 7900 GT/GTO",NA,247
"CARRIZO 9874",NA,246
"Radeon HD 8240",NA,246
"GeForce 7800 GT",80,244
"Quadro FX 5500",1999,242
"Radeon HD4650",152.9,239
"Radeon HD 7640G + R5 M230 Dual",NA,238
"Radeon HD 4650",69.99,238
"Quadro NVS 510M",NA,238
"Radeon HD 6410D",NA,236
"Mobility Radeon HD 5470",NA,236
"Quadro FX 4500 X2",NA,236
"Mobile Intel HD",479.98,235
"Radeon HD 4550",156,235
"Quadro FX 570",115,232
"Mobility Radeon HD 3670",NA,232
"Radeon E6465",NA,231
"Quadro NVS 290",59,228
"Radeon HD 6470M",569.99,227
"Quadro FX 4500",169,227
"GeForce 7600 GT",199,224
"Radeon HD 7450",49.99,224
"Radeon R3E",NA,224
"Quadro FX 880M",NA,223
"GT 430",142.88,223
"Intel G965 Express",NA,222
"Radeon R5 230",81.1,221
"Radeon HD 7340M",NA,221
"Quadro FX 770M",527,220
"A6 Micro-6500T Quad-Core APU with RadeonR4",NA,220
"GeForce GT 220",39.99,219
"Mobility FireGL V5725",NA,219
"Quadro FX 2500M",17.5,217
"Radeon HD 6320 Graphic",NA,216
"GeForce GT 330M",NA,216
"Mobility Radeon. HD 5470",NA,215
"Mobility Radeon HD 5450",NA,214
"GeForce GT 240M",NA,213
"Intel HD 2000",NA,213
"GeForce GT 230M",NA,212
"Radeon R2E",NA,212
"Radeon HD 8250",NA,212
"Radeon HD 2600 PRO",188.44,211
"GeForce Go 7600 GT",NA,210
"GeForce 320M",NA,209
"GeForce Go 7800 GTX",NA,209
"GeForce 9700M GT",NA,208
"Quadro NVS 320M",NA,208
"Radeon HD 4650 AGP",NA,207
"Barco MXRT 1450",NA,205
"Intel 2nd Generation SandyBridge HD 3000",NA,205
"GeForce 7950 GX2",54.99,201
"Radeon HD 6380G",399.99,200
"Mobility Radeon HD 545v",NA,199
"RDPDD Chained DD",NA,199
"RADEON HD7450",22.25,199
"Intel Q45/Q43 Express Chipset",NA,199
"Radeon HD 6320M",NA,198
"Radeon HD 6450",89,197
"Radeon HD 7340G",NA,196
"Intel Infoshock HD",NA,193
"Radeon HD 8210E",NA,193
"Radeon HD 6430M",NA,192
"Mobility Radeon HD 2600 XT",NA,191
"GeForce 6800 GS",NA,191
"Mobility Radeon HD 4550",NA,191
"Radeon HD 8210",NA,189
"Mobility Radeon HD 540v",NA,188
"NVS 5100M",NA,188
"GeForce 9500 GS",NA,185
"GeForce G100",19.99,184
"Quadro FX 1700",350.14,181
"Mobility Radeon HD 5430",NA,181
"Radeon HD 7310G",NA,180
"Barco MXRT 7100",NA,180
"FireGL V3600",160.99,179
"Quadro FX 3450/4000 SDI",NA,179
"Radeon HD 6230",NA,179
"FirePro 3D V3700",84.99,178
"GeForce 7800 GS",NA,177
"GeForce Go 7900 GS",NA,176
"Mobility Radeon HD 530v",NA,174
"Radeon HD 7310 - Carte graphique",NA,174
"Quadro FX 1700M",NA,172
"Quadro FX 1500M",NA,171
"Radeon HDG 4670",NA,170
"FirePro 2460",83.99,170
"GeForce GT 325M",NA,169
"Quadro FX 1500",451.16,169
"GeForce 9200",NA,169
"Intel 2nd Generation SandyBridge HD",NA,169
"Mobility Radeon HD 2600",NA,167
"GeForce G102M",NA,167
"Radeon HD 7310M",NA,166
"Intel HD manual-gen9_2015-133271",NA,165
"Radeon HD 7350",NA,165
"GeForce 9500 GT",85.99,163
"GeForce 9400 GT",67.76,163
"Radeon HD 8350",99.81,162
"Radeon HD 3670",NA,161
"Quadro FX 580",130,161
"Intel 3rd Generation IvyBridge HD GT1",NA,161
"Intel Q965/Q963 Express",NA,160
"GeForce GT 120",29.99,160
"GeForce 8600 GTS",241.99,158
"Quadro FX 380",72.5,157
"GeForce 7600 GS",121.83,157
"GeForce 315",32.99,156
"GeForce 8200",NA,155
"Radeon HD 4300/4500 Serisi",NA,155
"Radeon HD 3450",89,155
"GeForce 8400 GS",85.97,154
"Radeon HD 7340",552.69,153
"Radeon X1950 CrossFire Edition",NA,151
"GeForce GT 120M",NA,150
"GeForce 305M",NA,150
"Radeon HD 3650 AGP",185,150
"Quadro FX 3450",119.99,148
"Quadro 400",211,148
"Mobility Radeon HD 4350",NA,148
"Radeon R5 220",85.26,147
"GeForce Go 7700",NA,147
"Radeon HD 6320",554.99,147
"ZX Chrome 645/640 GPU",NA,147
"S3 5400EW",NA,146
"GeForce GT 130M",NA,146
"Radeon X1900 GT",NA,145
"Radeon HD 6300M",NA,143
"GeForce 9200M GE",NA,143
"GeForce 6600 GT",64.95,142
"FirePro 2270",134,142
"Mobility Radeon HD 4570",75.9,142
"GeForce 6800 GT",NA,142
"EG PARK",NA,141
"RADEON HD 6350",59,140
"Radeon HD 4290",NA,140
"Radeon X1800 GTO",NA,140
"Radeon HD 6290M",NA,140
"Mobility Radeon HD 3650",73.53,140
"nForce 760i SLI",NA,140
"NVS 2100M",NA,139
"Intel Haswell HD - GT2",NA,139
"GeForce 8500 GT",NA,139
"GeForce 6800 Ultra",NA,138
"Radeon HD 8180",NA,138
"Intel B43 Express Chipset",NA,138
"GeForce Go 6800 Ultra",NA,137
"GeForce 9650M GT",117.3,137
"Radeon X1900 CrossFire Edition",NA,137
"GeForce 7300 GT",149.99,136
"Radeon HD 5450",68.4,136
"GeForce G200",NA,136
"Quadro NVS 160M",NA,135
"GeForce 9600M GT",78.2,135
"Mobility Radeon HD 4330",NA,135
"Radeon HD 4350",50.99,135
"Mobility Radeon X1900",NA,134
"GeForce 310",108.35,134
"GeForce 9800 GT 1024MB",NA,134
"EAH5450",109.99,134
"GeForce 9500M GS",NA,134
"GeForce 7650 GS",NA,134
"VIA/S3G C-645/640 GPU",NA,132
"Quadro FX 1600M",149.9,131
"GeForce 9600M GS",NA,130
"MOBILITY RADEON X1800",NA,130
"RADEON X800 SE",NA,129
"GeForce 9300 / nForce 730i",NA,128
"FireGL V7300",1189.99,128
"Radeon HD 7310",NA,128
"GeForce Go 7600",NA,127
"All-in-Wonder X1900",NA,127
"GeForce 9300",59,126
"Radeon HD 3300",NA,126
"Qualcomm Adreno 618 GPU",NA,126
"GeForce 205",NA,126
"Intel G41 Express Chipset",NA,125
"Seria Mobility Radeon HD 3400",NA,124
"GeForce 8700M GT",NA,124
"Quadro FX 1400",245.01,124
"Radeon HD 7290M",NA,123
"GeForce 6800 XT",NA,123
"Intel Haswell HD - GT1",NA,123
"GeForce 8600 GT",196,123
"Quadro FX 380 LP",NA,122
"Radeon HD 4250",NA,122
"Radeon HD 6310",NA,122
"Intel G45/G43 Express Chipset",NA,122
"GeForce GT 220M",NA,121
"NVS 300",62.97,121
"GeForce 9500M G",NA,121
"GeForce G105M",NA,121
"Quadro FX 380M",NA,120
"Radeon HD 2400",88.2,120
"Extreme AX850 PRO",NA,120
"GeForce 405",24.64,119
"Radeon HD 2400 XT",NA,118
"RV530 PRO",NA,118
"Radeon HD 3470",109.65,118
"Qualcomm Adreno 540 GPU",NA,118
"GeForce 505",115.06,118
"FireMV 2260",88.08,117
"Mobile Intel 45 Express-Chipsatzfamilie",NA,117
"PHDGD Quantic C3",NA,116
"Radeon X1700 Targa Edition",NA,116
"GeForce G210M",NA,116
"NVS 3100M",NA,116
"FireGL V7200",NA,116
"GeForce 210",54.15,115
"Radeon X1600 XT",NA,115
"GeForce 310M",NA,115
"Radeon HD 4330",NA,115
"GeForce 8300 GS",NA,115
"GeForce 315M",NA,115
"RADEON X800 GTO",NA,114
"GeForce Go 7800",NA,114
"FireGL V5200",133.4,114
"VIA/S3 Chrome 520 IGP",NA,114
"Radeon HD 2400 Pro",NA,114
"Quadro FX 560",150.25,113
"Radeon X1950 Pro",NA,112
"GeForce G210",122.12,112
"FirePro 2260",NA,112
"GeForce 6800",559.29,112
"Sapphire RADEON X800 GT",NA,112
"Intel HD Modded",NA,112
"Radeon HD 7290",NA,111
"Radeon HD 4200",NA,111
"GeForce 9200M GS",NA,111
"Mobility Radeon HD 3400 Serisi",NA,111
"FireGL V7350",119.42,110
"Radeon HD 2600 Pro AGP",NA,110
"Radeon HD 4270",NA,109
"GeForce 6800 LE",NA,109
"VIA/S3G Chrome 645/640 GPU",NA,109
"GeForce 8400M GS",78.2,109
"Intel Media Accelerator HD",NA,108
"Quadro FX 370 LP",NA,108
"Radeon Infoshock 3000",NA,106
"Radeon X1950 GT",NA,106
"GeForce Go 6800",NA,106
"GeForce9400M",NA,105
"GeForce GT 320M",NA,105
"GeForce 9450",NA,104
"Mobility Radeon X1700",NA,104
"Radeon HD 6290",NA,104
"Quadro FX 3400/4400",NA,104
"M880G with Mobility Radeon HD 4250",NA,104
"Quadro FX 570M",NA,104
"GeForce 9500M",101.2,103
"FireGL V3400",NA,103
"Quadro FX 370 Low Profile",NA,102
"Quadro NVS 420",150,102
"GeForce 6800 GS/XT",NA,102
"GeForce 9300 GS",59.95,102
"Mobility Radeon HD 2400 XT",NA,102
"Quadro FX Go1400",NA,101
"GeForce 8300",22.68,101
"GeForce 9400M",NA,101
"Quadro FX 4000",NA,101
"Matrox G200e WDDM 2.0",NA,100
"GeForce 9300M GS",43.42,100
"Radeon X1600 Pro",NA,98
"GeForce 9400",NA,98
"Mobility Radeon HD 4250",NA,98
"Radeon 3000",319,98
"Mobility Radeon HD 3430",NA,98
"ION LE",NA,97
"GeForce 9300GE",97.2,97
"RADEON X800 XT",NA,97
"Quadro NVS 130M",NA,97
"Mobility Radeon HD serie 4200",NA,96
"Radeon HD 3000",NA,95
"GeForce 6700 XL",NA,95
"MEDION RADEON X740XL",NA,94
"Quadro NVS 295",63,94
"Mobility Radeon HD 3470 Hybrid X2",NA,93
"Radeon HD 6250",NA,93
"Mobility Radeon HD 3470",NA,93
"Quadro FX 370M",NA,93
"Mobility Radeon HD 4270",NA,92
"M880G with Mobility Radeon HD 4200",NA,92
"FireGL V5100",114.96,92
"Mobility Radeon X1600",NA,92
"nForce 780a SLI",NA,92
"GeForce 8600 GS",NA,91
"RADEON X600XT",NA,91
"GeForce G205M",NA,91
"Mobility Radeon HD 3450",NA,91
"Mobility Radeon HD 4200",NA,90
"GeForce 8600M GT",108.1,89
"Mobility Radeon HD 2400",NA,89
"Matrox G200eW3 WDDM 2.0",NA,89
"GeForce 7500 LE",NA,89
"GeForce 6610 XL",NA,88
"Quadro FX 360M",NA,86
"GeForce 6600",264,86
"Quadro FX 350",NA,85
"FireGL V3200",NA,84
"Radeon X1650 Pro",160.89,84
"GeForce 9300M G",NA,84
"ALL-IN-WONDER X800 GT",NA,84
"Radeon X1300 PRO",NA,84
"ION",229.99,84
"RADEON X800 GT",NA,84
"GeForce 999 GTX",NA,83
"Quadro FX 370",125,83
"nForce 750a SLI",NA,83
"ZX C-960",NA,82
"Radeon HD 3200",NA,82
"GeForce 9100",NA,81
"RADEON X850 XT Platinum Edition",NA,81
"Mobility Radeon X2500",NA,81
"MOBILITY FireGL V5000",NA,81
"GeForce 9300 SE",NA,81
"nForce 980a/780a SLI",NA,81
"GeForce 8400",589.99,81
"RADEON X800 XT Platinum Edition",NA,81
"Mobility Radeon 4100",NA,81
"RADEON X850 XT",NA,81
"Quadro FX 540",59.99,80
"GeForce 9300 GE",22.99,80
"GeForce 7300 LE",32,80
"RADEON X800GT",NA,79
"GeForce 8100 / nForce 720a",NA,79
"GeForce 7300 GS",NA,78
"Quadro NVS 140M",NA,78
"Intel Q35 Express",NA,77
"Radeon HD 2350",NA,76
"RADEON X700 PRO",NA,75
"M860G with Mobility Radeon 4100",NA,75
"Radeon X1650 GTO",NA,74
"GeForce 7350 LE",NA,74
"FireMV 2450",NA,73
"Radeon 3100",189.15,73
"RADEON X800 PRO/GTO",NA,73
"Mobility Radeon HD 4300 Serisi",NA,73
"RADEON X850 PRO",NA,72
"RADEON X700",NA,72
"FireGL V7100",328.67,71
"MEDION RADEON 9800 XXL",NA,71
"M880G with Mobility Radeon HD 4225",NA,71
"RADEON X700 SE",NA,71
"Radeon X1650 SE",NA,71
"Radeon X550XTX",NA,70
"FireGL V3300",NA,70
"GeForce 8600M GS",NA,70
"Quadro NVS 150M",NA,70
"Diamond X1300-PCIE 256MB",NA,70
"BASICDISPLAY",NA,69
"GeForce Go 6600",NA,69
"RADEON X800 XL",NA,69
"Radeon X1600 Pro / X1300XT",NA,69
"Quadro FX 3000",166.61,69
"FireGL V3350",NA,68
"GeForce 8400 SE",NA,68
"GeForce 9100M G",NA,68
"Intel G45/G43/G41 Express Chipset",NA,67
"Matrox G200eR WDDM 2.0",NA,67
"GeForce 9400M G",NA,67
"RADEON X600 PRO",160.49,67
"Quadro NVS 450",431.73,66
"MOBILITY RADEON X700",NA,66
"GeForce 8400M GT",NA,66
"Radeon X1550",155,66
"Mobility Radeon HD 4225",NA,66
"GeForce Go 7400",NA,65
"RADEON X800 PRO",NA,64
"Quadro FX 550",287.82,63
"GeForce G 105M",NA,62
"Mobility Radeon HD 3410",NA,62
"Intel HD manual-15.28-1861",NA,62
"GeForce G 103M",NA,62
"MOBILITY FireGL V3200",NA,62
"SAPPHIRE Radeon X1550",NA,61
"MOBILITY RADEON X700 XL",NA,59
"Radeon 2100",190.99,59
"RADEON 9800 PRO",NA,59
"Matrox G200e WDDM 1.2",NA,59
"GeForce FX 5950 Ultra",NA,59
"FireGL X1",NA,59
"GeForce 6800 XE",NA,58
"GeForce 8400M G",NA,58
"Radeon X1300",95.78,58
"GeForce 8200M G",NA,58
"Intel - Express Chipset Q45/Q43",NA,57
"RADEON 9800",325,57
"Intel G41 Express-Chipsatz",NA,57
"Intel Q45/Q43 Express-Chipsatz",NA,57
"RADEON 9800 XT",NA,56
"Intel - Express Chipset G41",NA,56
"RADEON X600 256MB HyperMemory",NA,56
"RADEON X550XT",NA,56
"RADEON 9700 PRO",NA,53
"GeForce 6200 TurboCache",NA,53
"FireGL V3100",NA,52
"Radeon Xpress 1300",NA,52
"GeForce Go 7300",NA,52
"Matrox G200eh WDDM 1.2",NA,51
"RADEON E2400",NA,51
"GeForce FX Go5700",NA,51
"GeForce 6600 LE",NA,51
"GeForce 7100 GS",NA,51
"FirePro 2450",89.99,51
"RADEON X550",NA,50
"Mobility Radeon HD 2300",NA,50
"Quadro NVS 135M",NA,50
"MOBILITY RADEON X600",NA,50
"Matrox G200eW WDDM 1.2",NA,50
"Radeon X1600",NA,49
"MOBILITY RADEON X600 SE",NA,49
"Radeon X1050",NA,49
"RADEON X600 SE",56.18,49
"Mobility Radeon X2300 HD",NA,48
"Mobility Radeon X2300",NA,48
"GeForce 7300 SE/7200 GS",NA,47
"Radeon X1550 64-bit",NA,47
"Quadro NVS 110M",NA,47
"Mobile Intel 965 Express",NA,47
"SAPPHIRE RADEON 9600 ATLANTIS",NA,47
"Quadro NVS 120M",NA,46
"Intel G33/G31 Express",NA,46
"Matrox G200eh WDDM 2.0",NA,46
"MOBILITY RADEON 9800",NA,46
"FireMV 2250",104,45
"Matrox G200eR WDDM 1.2",NA,45
"GeForce Go 7200",NA,45
"MOBILITY FireGL V5200",NA,44
"GeForce Go 6600 TE/6200 TE",NA,44
"Quadro FX 350M",NA,44
"Mobile Intel serie 4 Express",NA,44
"Mobile Intel 4 Express-Chipsatzfamilie",NA,44
"Radeon 9700 TX w/TV-Out",NA,44
"Matrox M9188 ATX PCIe x16",NA,43
"Mobility Radeon X1400",NA,42
"RADEON 9600 PRO",NA,42
"Radeon Xpress 1250",NA,42
"Matrox M9138 LP PCIe x16",NA,42
"Quadro NVS 285",169.86,42
"GeForce 7100 / nForce 630i",NA,41
"RADEON 9500 PRO / 9700",NA,41
"Mobile Intel 45 Express",NA,41
"GeForce 7050 / nForce 620i",NA,41
"GeForce FX 5900 Ultra",NA,41
"GeForce FX 5700",NA,40
"MOBILITY FIREGL T2",NA,40
"Matrox G200eh",NA,40
"Radeon Xpress 1300M",NA,40
"Matrox M9148 LP PCIe x16",NA,40
"GeForce FX 5900XT",NA,40
"Mobility Radeon X1350",NA,39
"Matrox G200eW",NA,39
"Mobility Radeon X1300",NA,39
"S3 Chrome 430 ULP",NA,39
"MOBILITY RADEON 9600/9700",NA,39
"GeForce 7300 SE",NA,39
"Mobile Intel - famiglia Express Chipset 45",NA,38
"GeForce 6500",NA,38
"Quadro NVS 285 128MB",55,38
"RADEON X300SE",NA,38
"GeForce 7050 / nForce 630i",NA,37
"256MB DDR Radeon 9800 XT",NA,37
"Quadro NVS 440",228.87,37
"GeForce 6200",53.17,37
"Radeon X1250",NA,37
"GeForce 6200SE TurboCache",NA,37
"Matrox G200eR",NA,36
"CONNECT 3D RADEON X300",NA,36
"RADEON 9500",40.5,36
"FireMV 2200 PCIe",89.99,36
"MOBILITY RADEON 9600",NA,36
"Quadro FX 1100",212.99,35
"Radeon Xpress 1200",NA,35
"RADEON 9600 XT",NA,35
"GeForce PCX 5750",NA,34
"RADEON 9550",291.74,34
"GeForce FX 5900",NA,34
"Quadro FX 1300",NA,34
"Quadro FX 1000",NA,34
"GeForce FX 5700 Ultra",NA,34
"GeForce PCX 5900",NA,34
"Radeon Xpress 1100",NA,34
"MOBILITY RADEON X300",NA,33
"MOBILITY FIREGL T2/T2e",NA,33
"S3 Chrome S27 DDR3",NA,33
"GeForce 6150 LE",NA,33
"Mobility Radeon X1450",NA,33
"GeForce FX 5700VE",NA,33
"GeForce 7150 / nForce 630i",NA,33
"Intel Media Accelerator",NA,32
"GeForce 7025 / nForce 630a",NA,32
"GeForce FX 5900ZT",NA,32
"Radeon X1200",NA,32
"GeForce 6200 A-LE",NA,32
"Matrox M9128 LP PCIe x16",NA,31
"Red Hat QXL controller",NA,31
"GeForce 7050 PV / nForce 630a",NA,31
"Radeon X1270",NA,31
"GeForce 6150SE nForce 430",NA,30
"FireGL T2-128",NA,30
"MOBILITY RADEON 9550",NA,30
"All-in-Wonder X1800XL",NA,30
"Radeon Xpress 1150",NA,29
"RADEON XPRESS 200",NA,29
"Radeon 9550 / X1050",NA,29
"GeForce 6200 LE",41.24,27
"MOBILITY RADEON 9700",NA,27
"MOBILITY FireGL V5250",NA,27
"RADEON 9600SE",NA,27
"GeForce 6100",NA,27
"MOBILITY RADEON XPRESS 200",NA,27
"GeForce 6100 nForce 405",NA,26
"RADEON 9600 PRO Family",NA,26
"Radeon Xpress 1270",NA,26
"GeForce 7100 / nForce 620i",NA,26
"PHDGD Sapphire GR for Mobile Intel 965",NA,25
"Matrox M9120 Plus LP PCIe x16",NA,25
"GeForce 7050 / nForce 610i",NA,25
"Matrox M9125 PCIe x16",NA,25
"GeForce 6100 nForce 420",NA,25
"GeForce 6100 nForce 400",NA,25
"RADEON 9600 Family",NA,25
"MOBILITY RADEON 9600 PRO TURBO",NA,24
"GeForce 6150SE",NA,24
"GeForce FX 5700LE",NA,24
"GeForce Go 6400",NA,24
"Mobile Intel 965 Express-Chipsatzfamilie",NA,24
"Quadro NVS 210S",NA,23
"RADEON 9800 SE",NA,23
"Matrox M9140 LP PCIe x16",NA,23
"ALL-IN-WONDER 9800",NA,23
"GeForce 7200 GS",NA,23
"GeForce 6100 nForce 430",NA,23
"S3 Chrome S25",NA,22
"RADEON A9800XT",NA,22
"RADEON XPRESS 200M",NA,22
"GeForce 6150",329,21
"Quadro NVS 210S / GeForce 6150LE",NA,20
"PHDGD Solo 2 x64",NA,20
"Matrox M9120 PCIe x16",NA,19
"GeForce Go 6150",NA,19
"QXL KMDOD",NA,18
"S3 Chrome S25 DDR2",NA,18
"RADEON 9600 TX Family",NA,18
"GeForce 7150M / nForce 630M",NA,18
"RADEON XPRESS 200 CROSSFIRE",NA,18
"Quadro FX 2000",NA,18
"GeForce Go 6100",NA,17
"GeForce FX Go 5600",NA,17
"Mobile Intel965 Express",NA,17
"GeForce FX 5600 Ultra",NA,17
"GeForce FX Go5650",NA,16
"GRID V100-8Q",NA,16
"NV44",NA,15
"GeForce Go 6200",NA,15
"Quadro FX 500/600 PCI",NA,14
"Radeon HD 2400 PCI",NA,14
"GeForce 7000M",NA,13
"GeForce 7000M / nForce 610M",NA,12
"GeForce FX 5600",NA,12
"GeForce FX Go5300",NA,12
"GeForce FX 5200 Ultra",NA,12
"GeForce FX 5200SE",NA,11
"FireMV 2400 PCIe",NA,11
"RGH Drivers v3",NA,11
"PHDGD Solo 1.2.0 x86",NA,11
"Intel 82945G Express",NA,10
"Master X3100 Driver",NA,10
"MOBILITY IGP 9000/9100",NA,10
"Matrox Parhelia 256MB",NA,9
"VIA Chrome9 HD IGP",NA,9
"ASUS A7000",NA,9
"GeForce FX 5600XT",NA,9
"GeCube RADEON 7000",NA,8
"GeForce FX Go 5200",NA,8
"Intel Q35 Embedded",NA,8
"GeForce FX 5500",153.97,8
"Mobile Intel 965 Express - BR-0907-0461 v1839",NA,8
"Quadro NVS 280 PCI",130,8
"Intel 82945G Express-Chipsatzfamilie",NA,8
"MOBILITY RADEON 9000 IGP",NA,7
"GeForce FX 5100",NA,7
"ASUS V9520-X V62.11",NA,7
"Quadro FX 500/FX 600",NA,7
"GeForce FX 5200",129,7
"Intel US15 Embedded Media and Controller",NA,7
"Intel Q33 Express",NA,7
"GeForce4 Ti 4400",NA,7
"GeForce FX 5200LE",42.99,7
"Intel Media Accelerator 600",NA,6
"GeForce4 Ti 4800 SE",NA,6
"Matrox Millennium P690 Plus LP PCIe x16",NA,6
"Quadro4 380 XGL",NA,6
"RADEON 8500 Family",NA,6
"GeForce4 MX Integrated GPU",NA,6
"V9560XT",NA,6
"GeForce2 Ultra",NA,6
"MOBILITY RADEON 7000 IGP",NA,6
"GeForce PCX 5300",NA,6
"RADEON 9100 Family",NA,6
"Quadro NVS 55/280 PCI",NA,6
"RADEON IGP 350M",NA,6
"GeForce4 440 Go 64M",NA,5
"VIA/S3G UniChromeII",NA,5
"GeForce4 Ti 4800",NA,5
"Mobile Intel 945GM Express",NA,5
"Quadro 280 NVS PCIe",NA,5
"NVIDIA GeForce3 Ti200",NA,5
"Intel 82915G Express",NA,5
"MOBILITY RADEON 9000/9100 IGP",NA,5
"Matrox Parhelia APVe",NA,5
"ALL-IN-WONDER RADEON 8500DV",NA,5
"GeForce4 Ti 4200",NA,5
"GeForce4 448 Go",NA,5
"GeForce4 Ti 4600",53.99,5
"RADEON 9100 IGP",NA,5
"GeForce4 420 Go 32M",NA,5
"Matrox Millennium P650 PCIe 128",NA,5
"Mobile Intel 945GM/GU Express",NA,5
"SAPPHIRE RADEON 9000 ATLANTIS PRO",NA,5
"Xabre",NA,5
"GeForce 256",42.04,5
"Quadro4 980 XGL",341.43,5
"GeForce4 440",NA,4
"Quadro4 900 XGL",NA,4
"ALL-IN-WONDER 9000",NA,4
"GeForce3",NA,4
"GeForce4 MX 440 with AGP8X",NA,4
"WinFast A250 LE",NA,4
"GeForce2 MX with DVI-D and TV-out",NA,4
"GeForce4 MX 420",NA,4
"MOBILITY FIREGL 7800",NA,4
"RADEON 7500 Family",NA,4
"VIA/S3G UniChrome Pro IGP",NA,4
"Intel 82865G Controller",NA,4
"Intel 915G/915GV/910GL Embedded Controller Functio",NA,4
"RADEON 9000",NA,4
"GeForce2 Ti",NA,4
"XGI Volari Family v1.13.23.D_V",NA,4
"GeForce4 MX 440SE",NA,4
"GeForce4 MX 440",NA,4
"Quadro2 MXR/EX",NA,4
"Intel 945G Embedded Chipset Function 0",NA,4
"GeForce4 MX 4000",NA,4
"ASUS AGP-V3800PRO v31.40H",NA,4
"GeForce2 Integrated GPU",NA,4
"Dell 8200",NA,4
"VIA Chrome9 HC IGP",NA,4
"VIA/S3G UniChrome IGP",NA,4
"GeForce4 MX 460",NA,4
"GeForce2 Go",NA,4
"MOBILITY/RADEON 9000",NA,4
"GeForce3 Ti 200",NA,4
"VIA/S3G KM400/KN400",NA,4
"Intel 915G,910G Express",NA,4
"GeForce2 GTS/GeForce2 Pro",NA,3
"GeForce4 4200 Go",NA,3
"GeForce2 MX/MX 400",NA,3
"ABIT Siluro T400",NA,3
"VIA Chrome9 HC IGP Family",NA,3
"RADEON 7000 / RADEON VE Family",NA,3
"RIVA TNT2 Model 64/Model 64 Pro",NA,3
"RADEON IGP 320",NA,3
"GeForce4 440 Go",NA,3
"Intel 82915G/915GV/910GL",NA,3
"Intel 865 Embedded Controller",NA,3
"GeForce 6200A",54.99,3
"RADEON 9200",153.63,3
"MOBILITY RADEON 7500",NA,3
"Radeon IGP 320M",NA,3
"RADEON 9000 Family",NA,3
"VIA Chrome9 HC IGP Family WDDM",NA,3
"Intel Media Accelerator 500",NA,3
"RIVA TNT2/TNT2 Pro",NA,3
"Matrox Parhelia 128MB",393.99,3
"VIA Chrome9 HC IGP WDDM 1.1",NA,3
"GeForce4 420 Go",NA,3
"VIA/S3G DeltaChrome IGP",NA,3
"MOBILITY RADEON 9000",NA,3
"GeForce2 MX 100/200",NA,3
"Intel 946GZ Embedded Chipset",NA,3
"RADEON 7500",177.25,3
"S3 Inc. Savage4",NA,3
"AMIGAMERLIN 3.1-R1 For Voodoo 4 4500 PCI",NA,3
"Rage Fury Pro/Xpert 2000 Pro",NA,3
"Intel 82915G/GV/910GL Express",NA,3
"Vanta/Vanta LT",NA,3
"MOBILITY RADEON 9200",NA,3
"MOBILITY RADEON 9100 IGP",NA,2
"Intel Media Accelerator 3150",NA,2
"Intel 82845G/GL/GE/PE/GV Controller",NA,2
"RADEON 7200",599.99,2
"RADEON 9200 PRO Family",NA,2
"VIA Chrome9 HC IGP WDDM",NA,2
"GeForce2 MX",NA,2
"RADEON IGP 345M",NA,2
"Radeon 7000 / Radeon VE",NA,2
"VIA Chrome9 HC3 IGP",NA,2
"Intel 82915G/GV/910GL Advanced v3.5",NA,2
"Intel 82845G/GL Controller",NA,2
"RADEON 9200 LE Family",NA,2
"RADEON 9250",194,2
"Intel 946GZ Express",NA,2
"GeForce2 MX with TV Out",NA,2
"RADEON 9200 SE",NA,2
"GeForce3 Ti 500",NA,2
"Intel GMA 3150 Express",NA,2
"Radeon IGP 340M",NA,2
"Quadro NVS 280 SD",NA,2
"Dell 8100",999.11,2
"VIA Chrome9 HC IGP Prerelease WDDM 1.1",NA,2
"Intel 82845G Controller",NA,2
"Radeon VE",NA,2
"Intel Extreme Controller",NA,1
"S3 SuperSavage/IXC 1014",NA,1
"VisionTek Radeon 7000",NA,1
"Mobile Intel 915GM/GMS/910GML Express",NA,1
"Mobile Intel 945 Express",NA,1
"VIA Chrome9 HCM IGP",NA,1
"RADEON IGP 34xM",NA,1
"S3 ProSavageDDR",NA,1
"Rage 128 Pro",NA,1
"VIA Chrome9 HC3 IGP WDDM 1.1",NA,1
"Intel 82852/82855 GM/GME Controller",NA,1
"RAGE 128 PRO AGP 4X TMDS",NA,1
"Quadro2 Pro",NA,1
"FireMV 2200 PCI",NA,1
